ticker,code,name,market,sector33,scale
1301.T,1301,極洋,プライム,水産・農林業,TOPIX Small 1
130A.T,130A,Ｖｅｒｉｔａｓ　Ｉｎ　Ｓｉｌｉｃｏ,グロース,医薬品,-
1332.T,1332,ニッスイ,プライム,水産・農林業,TOPIX Mid400
1333.T,1333,Ｕｍｉｏｓ,プライム,水産・農林業,TOPIX Mid400
135A.T,135A,ＶＲＡＩＮ　Ｓｏｌｕｔｉｏｎ,グロース,情報・通信業,-
1375.T,1375,ユキグニファクトリー,プライム,水産・農林業,TOPIX Small 2
1376.T,1376,カネコ種苗,スタンダード,水産・農林業,TOPIX Small 2
1377.T,1377,サカタのタネ,プライム,水産・農林業,TOPIX Small 1
1379.T,1379,ホクト,プライム,水産・農林業,TOPIX Small 2
137A.T,137A,Ｃｏｃｏｌｉｖｅ,グロース,情報・通信業,-
1380.T,1380,秋川牧園,スタンダード,水産・農林業,-
1381.T,1381,アクシーズ,スタンダード,水産・農林業,-
1382.T,1382,ホーブ,スタンダード,水産・農林業,-
1383.T,1383,ベルグアース,スタンダード,水産・農林業,-
1384.T,1384,ホクリヨウ,スタンダード,水産・農林業,-
138A.T,138A,光フードサービス,グロース,小売業,-
1401.T,1401,エムビーエス,グロース,建設業,-
1407.T,1407,ウエストホールディングス,スタンダード,建設業,-
1414.T,1414,ショーボンドホールディングス,プライム,建設業,TOPIX Mid400
1417.T,1417,ミライト・ワン,プライム,建設業,TOPIX Mid400
1418.T,1418,インターライフホールディングス,スタンダード,建設業,-
1419.T,1419,タマホーム,プライム,建設業,TOPIX Small 1
141A.T,141A,トライアルホールディングス,グロース,小売業,-
1420.T,1420,サンヨーホームズ,スタンダード,建設業,-
1429.T,1429,日本アクア,プライム,建設業,-
142A.T,142A,ジンジブ,グロース,サービス業,-
1430.T,1430,ファーストコーポレーション,スタンダード,建設業,-
1431.T,1431,Ｌｉｂ　Ｗｏｒｋ,グロース,建設業,-
1433.T,1433,ベステラ,プライム,建設業,-
1434.T,1434,ＪＥＳＣＯホールディングス,スタンダード,建設業,-
1435.T,1435,ｒｏｂｏｔ　ｈｏｍｅ,スタンダード,不動産業,TOPIX Small 2
1436.T,1436,グリーンエナジー＆カンパニー,グロース,建設業,-
1438.T,1438,岐阜造園,スタンダード,建設業,-
143A.T,143A,イシン,グロース,サービス業,-
1443.T,1443,技研ホールディングス,スタンダード,建設業,-
1444.T,1444,ニッソウ,グロース,建設業,-
1446.T,1446,キャンディル,スタンダード,建設業,-
1447.T,1447,ＳＡＡＦホールディングス,グロース,建設業,-
1450.T,1450,ＴＡＮＡＫＥＮ,スタンダード,建設業,-
145A.T,145A,Ｌ　ｉｓ　Ｂ,グロース,情報・通信業,-
146A.T,146A,コロンビア・ワークス,スタンダード,不動産業,-
147A.T,147A,ソラコム,グロース,情報・通信業,-
148A.T,148A,ハッチ・ワーク,グロース,情報・通信業,-
1491.T,1491,中外鉱業,スタンダード,非鉄金属,-
149A.T,149A,シンカ,グロース,情報・通信業,-
150A.T,150A,ＪＳＨ,グロース,サービス業,-
1514.T,1514,住石ホールディングス,スタンダード,鉱業,TOPIX Small 2
1515.T,1515,日鉄鉱業,プライム,鉱業,TOPIX Small 1
1518.T,1518,三井松島ホールディングス,プライム,その他製品,TOPIX Small 1
151A.T,151A,ダイブ,グロース,サービス業,-
153A.T,153A,カウリス,グロース,情報・通信業,-
155A.T,155A,情報戦略テクノロジー,グロース,情報・通信業,-
156A.T,156A,マテリアルグループ,グロース,サービス業,-
157A.T,157A,グリーンモンスター,グロース,サービス業,-
1605.T,1605,ＩＮＰＥＸ,プライム,鉱業,TOPIX Mid400
160A.T,160A,アズパートナーズ,スタンダード,サービス業,-
1662.T,1662,石油資源開発,プライム,鉱業,TOPIX Small 1
1663.T,1663,Ｋ＆Ｏエナジーグループ,プライム,鉱業,TOPIX Small 1
166A.T,166A,タスキホールディングス,プライム,不動産業,-
167A.T,167A,リョーサン菱洋ホールディングス,プライム,卸売業,TOPIX Small 1
168A.T,168A,イタミアート,グロース,その他製品,-
1711.T,1711,ＳＤＳホールディングス,スタンダード,建設業,-
1716.T,1716,第一カッター興業,スタンダード,建設業,TOPIX Small 2
1717.T,1717,明豊ファシリティワークス,スタンダード,サービス業,-
1718.T,1718,美樹工業,スタンダード,建設業,-
1719.T,1719,安藤・間,プライム,建設業,TOPIX Mid400
1720.T,1720,東急建設,プライム,建設業,TOPIX Small 1
1721.T,1721,コムシスホールディングス,プライム,建設業,TOPIX Mid400
1723.T,1723,日本電技,スタンダード,建設業,-
1724.T,1724,シンクレイヤ,スタンダード,建設業,-
1736.T,1736,オーテック,スタンダード,建設業,-
173A.T,173A,ハンモック,グロース,情報・通信業,-
1758.T,1758,太洋基礎工業,スタンダード,建設業,-
175A.T,175A,Ｗｉｌｌ　Ｓｍａｒｔ,グロース,情報・通信業,-
1762.T,1762,高松コンストラクショングループ,プライム,建設業,TOPIX Small 2
1764.T,1764,工藤建設,スタンダード,建設業,-
1766.T,1766,東建コーポレーション,プライム,建設業,TOPIX Small 1
1768.T,1768,ソネック,スタンダード,建設業,-
1770.T,1770,藤田エンジニアリング,スタンダード,建設業,-
177A.T,177A,コージンバイオ,グロース,化学,-
1780.T,1780,ヤマウラ,プライム,建設業,TOPIX Small 2
1783.T,1783,ｆａｎｔａｓｉｓｔａ,スタンダード,不動産業,-
1786.T,1786,オリエンタル白石,プライム,建設業,TOPIX Small 2
1787.T,1787,ナカボーテック,スタンダード,建設業,-
1788.T,1788,三東工業社,スタンダード,建設業,-
1793.T,1793,大本組,スタンダード,建設業,-
1795.T,1795,マサル,スタンダード,建設業,-
1798.T,1798,守谷商会,スタンダード,建設業,-
1799.T,1799,第一建設工業,スタンダード,建設業,-
1801.T,1801,大成建設,プライム,建設業,TOPIX Mid400
1802.T,1802,大林組,プライム,建設業,TOPIX Mid400
1803.T,1803,清水建設,プライム,建設業,TOPIX Mid400
1807.T,1807,佐藤渡辺,スタンダード,建設業,-
1808.T,1808,長谷工コーポレーション,プライム,建設業,TOPIX Mid400
1810.T,1810,松井建設,スタンダード,建設業,TOPIX Small 2
1811.T,1811,錢高組,スタンダード,建設業,-
1812.T,1812,鹿島建設,プライム,建設業,TOPIX Mid400
1813.T,1813,不動テトラ,プライム,建設業,TOPIX Small 2
1814.T,1814,大末建設,プライム,建設業,-
1815.T,1815,鉄建建設,プライム,建設業,TOPIX Small 2
1820.T,1820,西松建設,プライム,建設業,TOPIX Mid400
1822.T,1822,大豊建設,スタンダード,建設業,TOPIX Small 2
1826.T,1826,佐田建設,スタンダード,建設業,-
1827.T,1827,ナカノフドー建設,スタンダード,建設業,-
1828.T,1828,田辺工業,スタンダード,建設業,-
1833.T,1833,奥村組,プライム,建設業,TOPIX Small 1
1835.T,1835,東鉄工業,プライム,建設業,TOPIX Small 1
1840.T,1840,土屋ホールディングス,スタンダード,建設業,-
1844.T,1844,大盛工業,スタンダード,建設業,-
1847.T,1847,イチケン,スタンダード,建設業,-
1848.T,1848,富士ピー・エス,スタンダード,建設業,-
184A.T,184A,学びエイド,グロース,情報・通信業,-
1850.T,1850,南海辰村建設,スタンダード,建設業,-
1852.T,1852,淺沼組,プライム,建設業,TOPIX Small 1
1853.T,1853,森組,スタンダード,建設業,-
1860.T,1860,戸田建設,プライム,建設業,TOPIX Mid400
1861.T,1861,熊谷組,プライム,建設業,TOPIX Small 1
1866.T,1866,北野建設,スタンダード,建設業,-
1867.T,1867,植木組,スタンダード,建設業,-
186A.T,186A,アストロスケールホールディングス,グロース,サービス業,-
1870.T,1870,矢作建設工業,プライム,建設業,TOPIX Small 1
1871.T,1871,ピーエス・コンストラクション,プライム,建設業,TOPIX Small 2
1873.T,1873,日本ハウスホールディングス,プライム,建設業,TOPIX Small 2
1878.T,1878,大東建託,プライム,不動産業,TOPIX Mid400
1879.T,1879,新日本建設,プライム,建設業,TOPIX Small 2
1882.T,1882,東亜道路工業,プライム,建設業,TOPIX Small 1
1885.T,1885,東亜建設工業,プライム,建設業,TOPIX Small 1
1887.T,1887,日本国土開発,プライム,建設業,TOPIX Small 2
1888.T,1888,若築建設,プライム,建設業,TOPIX Small 2
1893.T,1893,五洋建設,プライム,建設業,TOPIX Mid400
1897.T,1897,金下建設,スタンダード,建設業,-
1898.T,1898,世紀東急工業,プライム,建設業,TOPIX Small 1
1899.T,1899,福田組,プライム,建設業,TOPIX Small 2
189A.T,189A,Ｄ＆Ｍカンパニー,グロース,サービス業,-
1904.T,1904,大成温調,スタンダード,建設業,-
1905.T,1905,テノックス,スタンダード,建設業,-
1909.T,1909,日本ドライケミカル,スタンダード,機械,-
190A.T,190A,Ｃｈｏｒｄｉａ　Ｔｈｅｒａｐｅｕｔｉｃｓ,グロース,医薬品,-
1911.T,1911,住友林業,プライム,建設業,TOPIX Mid400
1914.T,1914,日本基礎技術,スタンダード,建設業,-
1921.T,1921,巴コーポレーション,スタンダード,建設業,-
1925.T,1925,大和ハウス工業,プライム,建設業,TOPIX Large70
1926.T,1926,ライト工業,プライム,建設業,TOPIX Small 1
1928.T,1928,積水ハウス,プライム,建設業,TOPIX Large70
1929.T,1929,日特建設,プライム,建設業,TOPIX Small 2
192A.T,192A,インテグループ,グロース,サービス業,-
1930.T,1930,北陸電気工事,プライム,建設業,TOPIX Small 2
1934.T,1934,ユアテック,プライム,建設業,TOPIX Small 1
1938.T,1938,日本リーテック,プライム,建設業,TOPIX Small 2
1939.T,1939,四電工,プライム,建設業,TOPIX Small 2
1941.T,1941,中電工,プライム,建設業,TOPIX Small 1
1942.T,1942,関電工,プライム,建設業,TOPIX Mid400
1944.T,1944,きんでん,プライム,建設業,TOPIX Mid400
1945.T,1945,東京エネシス,プライム,建設業,TOPIX Small 2
1946.T,1946,トーエネック,プライム,建設業,TOPIX Small 2
1948.T,1948,弘電社,スタンダード,建設業,-
194A.T,194A,ＷＯＬＶＥＳ　ＨＡＮＤ,グロース,サービス業,-
1950.T,1950,日本電設工業,プライム,建設業,TOPIX Small 1
1951.T,1951,エクシオグループ,プライム,建設業,TOPIX Mid400
1952.T,1952,新日本空調,プライム,建設業,TOPIX Small 1
1959.T,1959,クラフティア,プライム,建設業,TOPIX Mid400
195A.T,195A,ＭＵＳＣＡＴ　ＧＲＯＵＰ,グロース,サービス業,-
1960.T,1960,サンテック,スタンダード,建設業,-
1961.T,1961,三機工業,プライム,建設業,TOPIX Small 1
1963.T,1963,日揮ホールディングス,プライム,建設業,TOPIX Mid400
1964.T,1964,中外炉工業,プライム,建設業,TOPIX Small 2
1965.T,1965,テクノ菱和,スタンダード,建設業,-
1966.T,1966,高田工業所,スタンダード,建設業,-
1967.T,1967,ヤマト,スタンダード,建設業,-
1968.T,1968,太平電業,プライム,建設業,TOPIX Small 1
1969.T,1969,高砂熱学工業,プライム,建設業,TOPIX Mid400
196A.T,196A,ＭＦＳ,グロース,その他金融業,-
1972.T,1972,三晃金属工業,スタンダード,建設業,-
1975.T,1975,朝日工業社,プライム,建設業,TOPIX Small 1
1976.T,1976,明星工業,プライム,建設業,TOPIX Small 2
1979.T,1979,大氣社,プライム,建設業,TOPIX Small 1
197A.T,197A,タウンズ,スタンダード,医薬品,-
1980.T,1980,ダイダン,プライム,建設業,TOPIX Small 1
1981.T,1981,協和日成,スタンダード,建設業,-
1982.T,1982,日比谷総合設備,プライム,建設業,TOPIX Small 2
198A.T,198A,ＰｏｓｔＰｒｉｍｅ,グロース,情報・通信業,-
1992.T,1992,神田通信機,スタンダード,建設業,-
1994.T,1994,高橋カーテンウォール工業,スタンダード,建設業,-
1997.T,1997,暁飯島工業,スタンダード,建設業,-
2001.T,2001,ニップン,プライム,食料品,TOPIX Small 1
2002.T,2002,日清製粉グループ本社,プライム,食料品,TOPIX Mid400
2003.T,2003,日東富士製粉,スタンダード,食料品,TOPIX Small 2
2004.T,2004,昭和産業,プライム,食料品,TOPIX Small 2
2009.T,2009,鳥越製粉,スタンダード,食料品,-
2053.T,2053,中部飼料,プライム,食料品,TOPIX Small 2
2055.T,2055,日和産業,スタンダード,食料品,-
205A.T,205A,ロゴスホールディングス,グロース,建設業,-
2060.T,2060,フィード・ワン,プライム,食料品,TOPIX Small 2
206A.T,206A,ＰＲＩＳＭ　ＢｉｏＬａｂ,グロース,医薬品,-
208A.T,208A,構造計画研究所ホールディングス,スタンダード,情報・通信業,-
2108.T,2108,日本甜菜製糖,プライム,食料品,TOPIX Small 2
2109.T,2109,ＤＭ三井製糖,プライム,食料品,TOPIX Small 1
2112.T,2112,塩水港精糖,スタンダード,食料品,-
2114.T,2114,フジ日本,スタンダード,食料品,-
2117.T,2117,ウェルネオシュガー,プライム,食料品,TOPIX Small 2
211A.T,211A,カドス・コーポレーション,スタンダード,建設業,-
2120.T,2120,ＬＩＦＵＬＬ,プライム,サービス業,TOPIX Small 2
2121.T,2121,ＭＩＸＩ,プライム,情報・通信業,TOPIX Small 1
2122.T,2122,インタースペース,スタンダード,サービス業,-
2124.T,2124,ジェイエイシーリクルートメント,プライム,サービス業,TOPIX Small 1
2127.T,2127,日本Ｍ＆Ａセンターホールディングス,プライム,サービス業,TOPIX Mid400
212A.T,212A,フィットイージー,プライム,サービス業,TOPIX Small 2
2130.T,2130,メンバーズ,プライム,サービス業,TOPIX Small 2
2134.T,2134,北浜キャピタルパートナーズ,スタンダード,サービス業,-
2136.T,2136,ヒップ,スタンダード,サービス業,-
2138.T,2138,クルーズ,スタンダード,情報・通信業,-
2139.T,2139,中広,スタンダード,サービス業,-
2146.T,2146,ＵＴグループ,プライム,サービス業,TOPIX Small 1
2148.T,2148,アイティメディア,プライム,サービス業,TOPIX Small 2
2152.T,2152,幼児活動研究会,スタンダード,サービス業,-
2153.T,2153,Ｅ・Ｊホールディングス,プライム,サービス業,TOPIX Small 2
2154.T,2154,オープンアップグループ,プライム,サービス業,TOPIX Small 1
2156.T,2156,セーラー広告,スタンダード,サービス業,-
2157.T,2157,コシダカホールディングス,プライム,サービス業,TOPIX Small 1
2158.T,2158,ＦＲＯＮＴＥＯ,グロース,サービス業,-
215A.T,215A,タイミー,グロース,サービス業,-
2160.T,2160,ジーエヌアイグループ,グロース,医薬品,-
2162.T,2162,ｎｍｓ　ホールディングス,スタンダード,サービス業,-
2163.T,2163,アルトナー,プライム,サービス業,-
2164.T,2164,地域新聞社,スタンダード,サービス業,-
2168.T,2168,パソナグループ,プライム,サービス業,TOPIX Small 1
2169.T,2169,ＣＤＳ,スタンダード,サービス業,-
2170.T,2170,リンクアンドモチベーション,プライム,サービス業,TOPIX Small 2
2173.T,2173,博展,グロース,サービス業,-
2175.T,2175,エス・エム・エス,プライム,サービス業,TOPIX Small 1
2179.T,2179,成学社,スタンダード,サービス業,-
2180.T,2180,サニーサイドアップグループ,スタンダード,サービス業,-
2181.T,2181,パーソルホールディングス,プライム,サービス業,TOPIX Mid400
2183.T,2183,リニカル,スタンダード,サービス業,-
2185.T,2185,シイエム・シイ,スタンダード,サービス業,-
2186.T,2186,ソーバル,スタンダード,サービス業,-
218A.T,218A,Ｌｉｂｅｒａｗａｒｅ,グロース,精密機器,-
2193.T,2193,クックパッド,スタンダード,サービス業,TOPIX Small 2
2195.T,2195,アミタホールディングス,グロース,サービス業,-
2198.T,2198,アイ・ケイ・ケイホールディングス,プライム,サービス業,-
219A.T,219A,Ｈｅａｒｔｓｅｅｄ,グロース,医薬品,-
2201.T,2201,森永製菓,プライム,食料品,TOPIX Mid400
2204.T,2204,中村屋,スタンダード,食料品,TOPIX Small 2
2206.T,2206,江崎グリコ,プライム,食料品,TOPIX Mid400
2207.T,2207,ｍｅｉｔｏ,プライム,食料品,TOPIX Small 2
2208.T,2208,ブルボン,スタンダード,食料品,-
2209.T,2209,井村屋グループ,プライム,食料品,TOPIX Small 2
220A.T,220A,Ｆａｂｅｒ　Ｃｏｍｐａｎｙ,スタンダード,情報・通信業,-
2211.T,2211,不二家,プライム,食料品,TOPIX Small 2
2212.T,2212,山崎製パン,プライム,食料品,TOPIX Mid400
2215.T,2215,第一屋製パン,スタンダード,食料品,-
2216.T,2216,カンロ,スタンダード,食料品,-
2217.T,2217,モロゾフ,プライム,食料品,TOPIX Small 2
2220.T,2220,亀田製菓,プライム,食料品,TOPIX Small 1
2221.T,2221,岩塚製菓,スタンダード,食料品,-
2222.T,2222,寿スピリッツ,プライム,食料品,TOPIX Mid400
2224.T,2224,コモ,スタンダード,食料品,-
2226.T,2226,湖池屋,スタンダード,食料品,-
2229.T,2229,カルビー,プライム,食料品,TOPIX Mid400
2264.T,2264,森永乳業,プライム,食料品,TOPIX Mid400
2266.T,2266,六甲バター,プライム,食料品,TOPIX Small 2
2267.T,2267,ヤクルト本社,プライム,食料品,TOPIX Mid400
2268.T,2268,Ｂ－Ｒ　サーティワン　アイスクリーム,スタンダード,食料品,-
2269.T,2269,明治ホールディングス,プライム,食料品,TOPIX Mid400
2270.T,2270,雪印メグミルク,プライム,食料品,TOPIX Small 1
2281.T,2281,プリマハム,プライム,食料品,TOPIX Small 1
2282.T,2282,日本ハム,プライム,食料品,TOPIX Mid400
2286.T,2286,林兼産業,スタンダード,食料品,-
2288.T,2288,丸大食品,プライム,食料品,TOPIX Small 2
228A.T,228A,オプロ,グロース,情報・通信業,-
2291.T,2291,福留ハム,スタンダード,食料品,-
2292.T,2292,Ｓ　Ｆｏｏｄｓ,プライム,食料品,TOPIX Small 1
2293.T,2293,滝沢ハム,スタンダード,食料品,-
2294.T,2294,柿安本店,プライム,食料品,TOPIX Small 2
2296.T,2296,伊藤ハム米久ホールディングス,プライム,食料品,TOPIX Small 1
2300.T,2300,きょくとう,スタンダード,サービス業,-
2301.T,2301,学情,プライム,サービス業,TOPIX Small 2
2303.T,2303,ドーン,スタンダード,情報・通信業,-
2304.T,2304,ＣＳＳホールディングス,スタンダード,サービス業,-
2305.T,2305,スタジオアリス,スタンダード,サービス業,TOPIX Small 2
2307.T,2307,クロスキャット,プライム,情報・通信業,TOPIX Small 2
2311.T,2311,エプコ,スタンダード,サービス業,-
2315.T,2315,ＣＡＩＣＡ　ＤＩＧＩＴＡＬ,スタンダード,情報・通信業,-
2317.T,2317,システナ,プライム,情報・通信業,TOPIX Small 1
2321.T,2321,ソフトフロントホールディングス,グロース,情報・通信業,-
2323.T,2323,ｆｏｎｆｕｎ,スタンダード,情報・通信業,-
2325.T,2325,ＮＪＳ,プライム,サービス業,TOPIX Small 2
2326.T,2326,デジタルアーツ,プライム,情報・通信業,TOPIX Small 1
2327.T,2327,日鉄ソリューションズ,プライム,情報・通信業,TOPIX Mid400
2329.T,2329,東北新社,スタンダード,情報・通信業,-
2330.T,2330,フォーサイド,スタンダード,情報・通信業,-
2331.T,2331,ＡＬＳＯＫ,プライム,サービス業,TOPIX Mid400
2332.T,2332,クエスト,スタンダード,情報・通信業,-
2334.T,2334,イオレ,グロース,サービス業,-
2335.T,2335,キューブシステム,プライム,情報・通信業,TOPIX Small 2
2337.T,2337,いちご,プライム,不動産業,TOPIX Small 1
2338.T,2338,クオンタムソリューションズ,スタンダード,情報・通信業,-
2340.T,2340,極楽湯ホールディングス,スタンダード,サービス業,-
2341.T,2341,アルバイトタイムス,スタンダード,サービス業,-
2342.T,2342,トランスジェニックグループ,スタンダード,サービス業,-
2345.T,2345,ＨＯＤＬ１,スタンダード,情報・通信業,-
2349.T,2349,エヌアイデイ,スタンダード,情報・通信業,-
2351.T,2351,ＡＳＪ,スタンダード,情報・通信業,-
2353.T,2353,日本駐車場開発,プライム,不動産業,TOPIX Small 1
2354.T,2354,ＹＥ　ＤＩＧＩＴＡＬ,スタンダード,情報・通信業,-
2359.T,2359,コア,プライム,情報・通信業,TOPIX Small 2
2370.T,2370,メディネット,グロース,サービス業,-
2371.T,2371,カカクコム,プライム,サービス業,TOPIX Mid400
2373.T,2373,ケア２１,スタンダード,サービス業,-
2375.T,2375,ギグワークス,スタンダード,サービス業,-
2376.T,2376,サイネックス,スタンダード,サービス業,-
2378.T,2378,ルネサンス,プライム,サービス業,TOPIX Small 2
2379.T,2379,ディップ,プライム,サービス業,TOPIX Small 1
2384.T,2384,ＳＢＳホールディングス,プライム,陸運業,TOPIX Small 1
2385.T,2385,総医研ホールディングス,グロース,サービス業,-
2388.T,2388,ウェッジホールディングス,グロース,その他金融業,-
2391.T,2391,プラネット,スタンダード,サービス業,-
2393.T,2393,日本ケアサプライ,スタンダード,サービス業,-
2395.T,2395,新日本科学,プライム,サービス業,TOPIX Small 2
2404.T,2404,鉄人化ホールディングス,スタンダード,サービス業,-
2408.T,2408,ＫＧ情報,スタンダード,サービス業,-
2410.T,2410,キャリアデザインセンター,プライム,サービス業,-
2411.T,2411,ゲンダイエージェンシー,スタンダード,情報・通信業,-
2413.T,2413,エムスリー,プライム,サービス業,TOPIX Mid400
2415.T,2415,ヒューマンホールディングス,スタンダード,サービス業,-
2418.T,2418,ツカダ・グローバルホールディング,スタンダード,サービス業,-
241A.T,241A,ＲＯＸＸ,グロース,情報・通信業,-
2424.T,2424,ブラス,スタンダード,サービス業,-
2425.T,2425,ケアサービス,スタンダード,サービス業,-
2428.T,2428,ウェルネット,スタンダード,サービス業,-
2429.T,2429,ワールドホールディングス,プライム,サービス業,TOPIX Small 2
2432.T,2432,ディー・エヌ・エー,プライム,情報・通信業,TOPIX Mid400
2433.T,2433,博報堂ＤＹホールディングス,プライム,サービス業,TOPIX Mid400
2435.T,2435,シダー,スタンダード,サービス業,-
2436.T,2436,共同ピーアール,スタンダード,サービス業,-
2437.T,2437,Ｓｈｉｎｗａ　Ｗｉｓｅ　Ｈｏｌｄｉｎｇｓ,スタンダード,サービス業,-
2438.T,2438,アスカネット,グロース,サービス業,-
2440.T,2440,ぐるなび,スタンダード,サービス業,TOPIX Small 2
2445.T,2445,タカミヤ,スタンダード,サービス業,TOPIX Small 2
2449.T,2449,プラップジャパン,スタンダード,サービス業,-
244A.T,244A,グロースエクスパートナーズ,グロース,情報・通信業,-
2454.T,2454,オールアバウト,スタンダード,サービス業,-
2459.T,2459,アウンコンサルティング,スタンダード,サービス業,-
245A.T,245A,ＩＮＧＳ,グロース,小売業,-
2461.T,2461,ファンコミュニケーションズ,プライム,サービス業,TOPIX Small 2
2462.T,2462,ライク,プライム,サービス業,TOPIX Small 2
2464.T,2464,Ａｏｂａ‐ＢＢＴ,スタンダード,サービス業,-
2469.T,2469,ヒビノ,スタンダード,サービス業,-
246A.T,246A,アスア,グロース,サービス業,-
2471.T,2471,エスプール,プライム,サービス業,TOPIX Small 2
2475.T,2475,ＷＤＢホールディングス,プライム,サービス業,TOPIX Small 2
2477.T,2477,手間いらず,スタンダード,情報・通信業,TOPIX Small 2
2479.T,2479,ジェイテック,スタンダード,サービス業,-
247A.T,247A,Ａｉロボティクス,グロース,化学,-
2480.T,2480,システム・ロケーション,スタンダード,情報・通信業,-
2481.T,2481,タウンニュース社,スタンダード,サービス業,-
2483.T,2483,翻訳センター,スタンダード,サービス業,-
2484.T,2484,出前館,スタンダード,情報・通信業,-
2485.T,2485,ティア,スタンダード,サービス業,-
2488.T,2488,ＪＴＰ,スタンダード,サービス業,-
2489.T,2489,アドウェイズ,スタンダード,サービス業,TOPIX Small 2
248A.T,248A,キッズスター,グロース,情報・通信業,-
2491.T,2491,バリューコマース,プライム,サービス業,TOPIX Small 2
2492.T,2492,インフォマート,プライム,サービス業,TOPIX Small 1
2493.T,2493,イーサポートリンク,スタンダード,サービス業,-
2497.T,2497,ユナイテッド,グロース,サービス業,-
2498.T,2498,オリエンタルコンサルタンツホールディングス,スタンダード,サービス業,-
2499.T,2499,日本和装ホールディングス,スタンダード,サービス業,-
2501.T,2501,サッポロホールディングス,プライム,食料品,TOPIX Mid400
2502.T,2502,アサヒグループホールディングス,プライム,食料品,TOPIX Large70
2503.T,2503,キリンホールディングス,プライム,食料品,TOPIX Large70
250A.T,250A,シマダヤ,スタンダード,食料品,TOPIX Small 2
2531.T,2531,宝ホールディングス,プライム,食料品,TOPIX Mid400
2533.T,2533,オエノンホールディングス,プライム,食料品,TOPIX Small 2
253A.T,253A,ＥＴＳグループ,スタンダード,建設業,-
254A.T,254A,ＡＩフュージョンキャピタルグループ,スタンダード,証券、商品先物取引業,-
255A.T,255A,ジーエルテクノホールディングス,スタンダード,精密機器,-
256A.T,256A,飛島ホールディングス,プライム,建設業,TOPIX Small 2
2573.T,2573,北海道コカ・コーラボトリング,スタンダード,食料品,-
2579.T,2579,コカ・コーラ　ボトラーズジャパンホールディングス,プライム,食料品,TOPIX Mid400
2585.T,2585,ライフドリンク　カンパニー,プライム,食料品,TOPIX Small 1
2586.T,2586,フルッタフルッタ,グロース,食料品,-
2587.T,2587,サントリービバレッジ＆フード,プライム,食料品,TOPIX Mid400
2588.T,2588,プレミアムウォーターホールディングス,スタンダード,食料品,-
2590.T,2590,ダイドーグループホールディングス,プライム,食料品,TOPIX Small 1
2593.T,2593,伊藤園,プライム,食料品,TOPIX Mid400
25935.T,25935,伊藤園第１種優先株式,プライム,食料品,-
2594.T,2594,キーコーヒー,プライム,食料品,TOPIX Small 2
2597.T,2597,ユニカフェ,スタンダード,食料品,-
2602.T,2602,日清オイリオグループ,プライム,食料品,TOPIX Small 1
2607.T,2607,不二製油,プライム,食料品,TOPIX Mid400
2612.T,2612,かどや製油,スタンダード,食料品,-
2613.T,2613,Ｊ－オイルミルズ,プライム,食料品,TOPIX Small 2
261A.T,261A,日水コン,スタンダード,サービス業,-
262A.T,262A,インターメスティック,プライム,小売業,TOPIX Small 2
264A.T,264A,Ｓｃｈｏｏ,グロース,サービス業,-
2652.T,2652,まんだらけ,スタンダード,小売業,-
2653.T,2653,イオン九州,スタンダード,小売業,-
2654.T,2654,アスモ,スタンダード,小売業,-
2656.T,2656,ベクターホールディングス,スタンダード,小売業,-
2659.T,2659,サンエー,プライム,小売業,TOPIX Small 1
265A.T,265A,Ｈｍｃｏｍｍ,グロース,情報・通信業,-
2664.T,2664,カワチ薬品,プライム,小売業,TOPIX Small 1
2666.T,2666,オートウェーブ,スタンダード,小売業,-
2667.T,2667,イメージ　ワン,スタンダード,卸売業,-
2668.T,2668,タビオ,スタンダード,卸売業,-
2669.T,2669,カネ美食品,スタンダード,小売業,-
2670.T,2670,エービーシー・マート,プライム,小売業,TOPIX Mid400
2673.T,2673,夢みつけ隊,スタンダード,小売業,-
2674.T,2674,ハードオフコーポレーション,プライム,小売業,TOPIX Small 2
2676.T,2676,高千穂交易,プライム,卸売業,TOPIX Small 2
2678.T,2678,アスクル,プライム,小売業,TOPIX Small 1
2681.T,2681,ゲオホールディングス,プライム,小売業,TOPIX Small 1
2683.T,2683,魚喜,スタンダード,小売業,-
2685.T,2685,アンドエスティＨＤ,プライム,小売業,TOPIX Small 1
2687.T,2687,シー・ヴイ・エス・ベイエリア,スタンダード,サービス業,-
2689.T,2689,オルバヘルスケアホールディングス,スタンダード,卸売業,-
268A.T,268A,リガク・ホールディングス,プライム,精密機器,TOPIX Small 1
2693.T,2693,ＹＫＴ,スタンダード,卸売業,-
2694.T,2694,焼肉坂井ホールディングス,スタンダード,小売業,-
2695.T,2695,くら寿司,プライム,小売業,TOPIX Small 1
2698.T,2698,キャンドゥ,スタンダード,小売業,TOPIX Small 2
269A.T,269A,Ｓａｐｅｅｔ,グロース,情報・通信業,-
2700.T,2700,木徳神糧,スタンダード,卸売業,-
2702.T,2702,日本マクドナルドホールディングス,スタンダード,小売業,-
2705.T,2705,大戸屋ホールディングス,スタンダード,小売業,-
2708.T,2708,久世,スタンダード,卸売業,-
2721.T,2721,ジェイホールディングス,スタンダード,卸売業,-
2722.T,2722,ＩＫホールディングス,スタンダード,小売業,-
2726.T,2726,パルグループホールディングス,プライム,小売業,TOPIX Small 1
2730.T,2730,エディオン,プライム,小売業,TOPIX Small 1
2733.T,2733,あらた,プライム,卸売業,TOPIX Small 1
2734.T,2734,サーラコーポレーション,プライム,小売業,TOPIX Small 2
2735.T,2735,ワッツ,スタンダード,小売業,-
2736.T,2736,フェスタリアホールディングス,スタンダード,小売業,-
2737.T,2737,トーメンデバイス,プライム,卸売業,TOPIX Small 2
2742.T,2742,ハローズ,プライム,小売業,TOPIX Small 2
2747.T,2747,北雄ラッキー,スタンダード,小売業,-
2749.T,2749,ＪＰホールディングス,プライム,サービス業,TOPIX Small 1
274A.T,274A,ガーデン,スタンダード,小売業,-
2750.T,2750,石光商事,スタンダード,卸売業,-
2751.T,2751,テンポスホールディングス,スタンダード,卸売業,-
2752.T,2752,フジオフードグループ本社,プライム,小売業,TOPIX Small 1
2753.T,2753,あみやき亭,プライム,小売業,TOPIX Small 2
2760.T,2760,東京エレクトロン　デバイス,プライム,卸売業,TOPIX Small 1
2762.T,2762,ＳＡＮＫＯ　ＭＡＲＫＥＴＩＮＧ　ＦＯＯＤＳ,スタンダード,小売業,-
2763.T,2763,エフティグループ,スタンダード,卸売業,-
2764.T,2764,ひらまつ,スタンダード,小売業,-
2767.T,2767,円谷フィールズホールディングス,プライム,卸売業,TOPIX Small 1
2768.T,2768,双日,プライム,卸売業,TOPIX Mid400
2769.T,2769,ヴィレッジヴァンガードコーポレーション,スタンダード,小売業,-
276A.T,276A,ククレブ・アドバイザーズ,グロース,不動産業,-
2776.T,2776,新都ホールディングス,スタンダード,卸売業,-
2778.T,2778,パレモ・ホールディングス,スタンダード,小売業,-
277A.T,277A,グロービング,プライム,サービス業,TOPIX Small 2
2780.T,2780,コメ兵ホールディングス,スタンダード,小売業,-
2782.T,2782,セリア,スタンダード,小売業,-
2784.T,2784,アルフレッサ　ホールディングス,プライム,卸売業,TOPIX Mid400
2788.T,2788,アップルインターナショナル,スタンダード,卸売業,-
2789.T,2789,カルラ,スタンダード,小売業,-
278A.T,278A,Ｔｅｒｒａ　Ｄｒｏｎｅ,グロース,精密機器,-
2790.T,2790,ナフコ,スタンダード,小売業,-
2791.T,2791,大黒天物産,プライム,小売業,TOPIX Small 1
2792.T,2792,ハニーズホールディングス,プライム,小売業,TOPIX Small 2
2795.T,2795,日本プリメックス,スタンダード,卸売業,-
2796.T,2796,ファーマライズホールディングス,スタンダード,小売業,-
2798.T,2798,ワイズテーブルコーポレーション,スタンダード,小売業,-
2801.T,2801,キッコーマン,プライム,食料品,TOPIX Mid400
2802.T,2802,味の素,プライム,食料品,TOPIX Large70
2804.T,2804,ブルドックソース,プライム,食料品,TOPIX Small 2
2805.T,2805,ヱスビー食品,スタンダード,食料品,-
2806.T,2806,ユタカフーズ,スタンダード,食料品,-
2809.T,2809,キユーピー,プライム,食料品,TOPIX Mid400
280A.T,280A,ＴＭＨ,グロース,卸売業,-
2810.T,2810,ハウス食品グループ本社,プライム,食料品,TOPIX Mid400
2811.T,2811,カゴメ,プライム,食料品,TOPIX Mid400
2813.T,2813,和弘食品,スタンダード,食料品,-
2814.T,2814,佐藤食品工業,スタンダード,食料品,-
2815.T,2815,アリアケジャパン,プライム,食料品,TOPIX Small 1
2816.T,2816,ダイショー,スタンダード,食料品,-
2818.T,2818,ピエトロ,スタンダード,食料品,-
2819.T,2819,エバラ食品工業,スタンダード,食料品,TOPIX Small 2
281A.T,281A,インフォメティス,グロース,情報・通信業,-
2820.T,2820,やまみ,スタンダード,食料品,-
2831.T,2831,はごろもフーズ,スタンダード,食料品,-
285A.T,285A,キオクシアホールディングス,プライム,電気機器,TOPIX Mid400
286A.T,286A,ユカリア,グロース,サービス業,-
2871.T,2871,ニチレイ,プライム,食料品,TOPIX Mid400
2872.T,2872,セイヒョー,スタンダード,食料品,-
2874.T,2874,横浜冷凍,プライム,卸売業,TOPIX Small 1
2875.T,2875,東洋水産,プライム,食料品,TOPIX Mid400
2876.T,2876,デルソーレ,スタンダード,食料品,-
2877.T,2877,日東ベスト,スタンダード,食料品,-
287A.T,287A,黒田グループ,スタンダード,卸売業,-
2882.T,2882,イートアンドホールディングス,プライム,食料品,TOPIX Small 2
2883.T,2883,大冷,スタンダード,食料品,-
2884.T,2884,ヨシムラ・フード・ホールディングス,プライム,食料品,TOPIX Small 2
288A.T,288A,ラクサス・テクノロジーズ,グロース,サービス業,-
2892.T,2892,日本食品化工,スタンダード,食料品,-
2894.T,2894,石井食品,スタンダード,食料品,-
2897.T,2897,日清食品ホールディングス,プライム,食料品,TOPIX Mid400
2901.T,2901,ウェルディッシュ,スタンダード,食料品,-
2903.T,2903,シノブフーズ,スタンダード,食料品,-
2904.T,2904,一正蒲鉾,スタンダード,食料品,-
2907.T,2907,あじかん,スタンダード,食料品,-
2908.T,2908,フジッコ,プライム,食料品,TOPIX Small 2
290A.T,290A,Ｓｙｎｓｐｅｃｔｉｖｅ,グロース,情報・通信業,-
2910.T,2910,ロック・フィールド,プライム,食料品,TOPIX Small 2
2911.T,2911,旭松食品,スタンダード,食料品,-
2914.T,2914,日本たばこ産業,プライム,食料品,TOPIX Core30
2915.T,2915,ケンコーマヨネーズ,プライム,食料品,TOPIX Small 2
2916.T,2916,仙波糖化工業,スタンダード,食料品,-
2917.T,2917,大森屋,スタンダード,食料品,-
2918.T,2918,わらべや日洋ホールディングス,プライム,食料品,TOPIX Small 1
291A.T,291A,リスキル,グロース,サービス業,-
2922.T,2922,なとり,プライム,食料品,TOPIX Small 2
2923.T,2923,サトウ食品,スタンダード,食料品,-
2924.T,2924,イフジ産業,スタンダード,食料品,-
2926.T,2926,篠崎屋,スタンダード,食料品,-
2927.T,2927,ＡＦＣ－ＨＤアムスライフサイエンス,スタンダード,食料品,-
2929.T,2929,ファーマフーズ,プライム,食料品,TOPIX Small 2
2930.T,2930,北の達人コーポレーション,プライム,化学,TOPIX Small 2
2931.T,2931,ユーグレナ,プライム,食料品,TOPIX Small 1
2932.T,2932,ＳＴＩフードホールディングス,スタンダード,食料品,-
2933.T,2933,紀文食品,プライム,食料品,TOPIX Small 2
2934.T,2934,ジェイフロンティア,グロース,食料品,-
2935.T,2935,ピックルスホールディングス,プライム,食料品,TOPIX Small 2
2936.T,2936,ベースフード,グロース,食料品,-
2937.T,2937,サンクゼール,グロース,食料品,-
2938.T,2938,オカムラ食品工業,スタンダード,食料品,-
2961.T,2961,日本調理機,スタンダード,金属製品,-
2962.T,2962,テクニスコ,スタンダード,金属製品,-
296A.T,296A,令和アカウンティング・ホールディングス,グロース,サービス業,-
2970.T,2970,ＧＬＣ　ＧＲＯＵＰ,スタンダード,不動産業,-
2975.T,2975,スター・マイカ・ホールディングス,プライム,不動産業,TOPIX Small 2
2978.T,2978,ツクルバ,グロース,不動産業,-
297A.T,297A,アルピコホールディングス,スタンダード,小売業,-
2980.T,2980,ＳＲＥホールディングス,プライム,不動産業,TOPIX Small 2
2981.T,2981,ランディックス,グロース,不動産業,-
2982.T,2982,ＡＤワークスグループ,プライム,不動産業,-
2983.T,2983,アールプランナー,グロース,不動産業,-
2984.T,2984,ヤマイチエステート,スタンダード,不動産業,-
2986.T,2986,ＬＡホールディングス,グロース,不動産業,-
298A.T,298A,ＧＶＡ　ＴＥＣＨ,グロース,情報・通信業,-
2991.T,2991,ランドネット,スタンダード,不動産業,-
2993.T,2993,長栄,スタンダード,不動産業,-
2997.T,2997,ストレージ王,グロース,不動産業,-
2998.T,2998,クリアル,グロース,不動産業,-
2999.T,2999,ホームポジション,スタンダード,不動産業,-
299A.T,299A,クラシル,グロース,サービス業,-
3001.T,3001,片倉工業,スタンダード,繊維製品,TOPIX Small 2
3002.T,3002,グンゼ,プライム,繊維製品,TOPIX Small 1
3003.T,3003,ヒューリック,プライム,不動産業,TOPIX Mid400
3004.T,3004,神栄,スタンダード,卸売業,-
300A.T,300A,ＭＩＣ,スタンダード,サービス業,-
3010.T,3010,ポラリス・ホールディングス,スタンダード,サービス業,-
3011.T,3011,バナーズ,スタンダード,小売業,-
3020.T,3020,アプライド,スタンダード,小売業,-
3021.T,3021,パシフィックネット,スタンダード,サービス業,-
3023.T,3023,ラサ商事,スタンダード,卸売業,TOPIX Small 2
3024.T,3024,クリエイト,スタンダード,卸売業,-
3028.T,3028,アルペン,プライム,小売業,TOPIX Small 1
302A.T,302A,ビースタイルホールディングス,グロース,サービス業,-
3030.T,3030,ハブ,スタンダード,小売業,-
3031.T,3031,ラクーンホールディングス,プライム,情報・通信業,TOPIX Small 2
3034.T,3034,クオールホールディングス,プライム,小売業,TOPIX Small 1
3035.T,3035,ケイティケイ,スタンダード,卸売業,-
3036.T,3036,アルコニックス,プライム,卸売業,TOPIX Small 1
3038.T,3038,神戸物産,プライム,卸売業,TOPIX Mid400
303A.T,303A,ｖｉｓｕｍｏ,グロース,情報・通信業,-
3040.T,3040,ソリトンシステムズ,プライム,情報・通信業,TOPIX Small 2
3041.T,3041,ビューティカダンホールディングス,スタンダード,卸売業,-
3042.T,3042,セキュアヴェイル,スタンダード,情報・通信業,-
3045.T,3045,カワサキ,スタンダード,卸売業,-
3046.T,3046,ジンズホールディングス,プライム,小売業,TOPIX Small 1
3048.T,3048,ビックカメラ,プライム,小売業,TOPIX Mid400
304A.T,304A,フォルシア,グロース,情報・通信業,-
3050.T,3050,ＤＣＭホールディングス,プライム,小売業,TOPIX Small 1
3053.T,3053,ペッパーフードサービス,スタンダード,小売業,TOPIX Small 2
3054.T,3054,ハイパー,スタンダード,卸売業,-
3058.T,3058,三洋堂ホールディングス,スタンダード,小売業,-
3059.T,3059,ヒラキ,スタンダード,小売業,-
3063.T,3063,ジェイグループホールディングス,グロース,小売業,-
3064.T,3064,ＭｏｎｏｔａＲＯ,プライム,小売業,TOPIX Mid400
3065.T,3065,ライフフーズ,スタンダード,小売業,-
3067.T,3067,東京一番フーズ,スタンダード,小売業,-
3068.T,3068,ＷＤＩ,スタンダード,小売業,-
3069.T,3069,ＪＦＬＡホールディングス,スタンダード,食料品,-
3070.T,3070,ジェリービーンズグループ,グロース,卸売業,-
3071.T,3071,ストリーム,スタンダード,小売業,-
3075.T,3075,銚子丸,スタンダード,小売業,-
3076.T,3076,あい　ホールディングス,プライム,卸売業,TOPIX Small 1
3077.T,3077,ホリイフードサービス,スタンダード,小売業,-
3079.T,3079,ディーブイエックス,スタンダード,卸売業,-
3080.T,3080,ジェーソン,スタンダード,小売業,-
3082.T,3082,きちりホールディングス,スタンダード,小売業,-
3083.T,3083,スターシーズ,スタンダード,小売業,-
3086.T,3086,Ｊ．フロント　リテイリング,プライム,小売業,TOPIX Mid400
3087.T,3087,ドトール・日レスホールディングス,プライム,小売業,TOPIX Small 1
3088.T,3088,マツキヨココカラ＆カンパニー,プライム,小売業,TOPIX Mid400
3089.T,3089,テクノアルファ,スタンダード,卸売業,-
3091.T,3091,ブロンコビリー,プライム,小売業,TOPIX Small 1
3092.T,3092,ＺＯＺＯ,プライム,小売業,TOPIX Mid400
3093.T,3093,トレジャー・ファクトリー,プライム,小売業,TOPIX Small 2
3096.T,3096,オーシャンシステム,スタンダード,小売業,-
3097.T,3097,物語コーポレーション,プライム,小売業,TOPIX Small 1
3099.T,3099,三越伊勢丹ホールディングス,プライム,小売業,TOPIX Mid400
3101.T,3101,東洋紡,プライム,化学,TOPIX Small 1
3103.T,3103,ユニチカ,スタンダード,繊維製品,TOPIX Small 2
3104.T,3104,富士紡ホールディングス,プライム,繊維製品,TOPIX Small 2
3105.T,3105,日清紡ホールディングス,プライム,電気機器,TOPIX Mid400
3106.T,3106,倉敷紡績,プライム,繊維製品,TOPIX Small 1
3107.T,3107,ダイワボウホールディングス,プライム,卸売業,TOPIX Mid400
3109.T,3109,シキボウ,プライム,繊維製品,TOPIX Small 2
3110.T,3110,日東紡績,プライム,ガラス・土石製品,TOPIX Small 1
3111.T,3111,オーミケンシ,スタンダード,繊維製品,-
3113.T,3113,ＵＮＩＶＡ・Ｏａｋホールディングス,スタンダード,証券、商品先物取引業,-
3116.T,3116,トヨタ紡織,プライム,輸送用機器,TOPIX Mid400
3121.T,3121,マーチャント・バンカーズ,スタンダード,サービス業,-
3123.T,3123,サイボー,スタンダード,繊維製品,-
3131.T,3131,シンデン・ハイテックス,スタンダード,卸売業,-
3132.T,3132,マクニカホールディングス,プライム,卸売業,TOPIX Mid400
3133.T,3133,海帆,グロース,小売業,-
3134.T,3134,Ｈａｍｅｅ,スタンダード,小売業,TOPIX Small 2
3135.T,3135,マーケットエンタープライズ,スタンダード,小売業,-
3137.T,3137,ファンデリー,スタンダード,小売業,-
3138.T,3138,富士山マガジンサービス,スタンダード,小売業,-
3139.T,3139,ラクト・ジャパン,プライム,卸売業,TOPIX Small 2
3140.T,3140,ＢＲＵＮＯ,グロース,卸売業,-
3143.T,3143,オーウイル,スタンダード,卸売業,-
3148.T,3148,クリエイトＳＤホールディングス,プライム,小売業,TOPIX Small 1
3150.T,3150,グリムス,プライム,電気・ガス業,TOPIX Small 2
3151.T,3151,バイタルケーエスケー・ホールディングス,プライム,卸売業,TOPIX Small 2
3153.T,3153,八洲電機,プライム,卸売業,TOPIX Small 2
3154.T,3154,メディアスホールディングス,プライム,卸売業,TOPIX Small 2
3156.T,3156,レスター,プライム,卸売業,TOPIX Small 2
3157.T,3157,ジオリーブグループ,スタンダード,卸売業,-
3159.T,3159,丸善ＣＨＩホールディングス,スタンダード,小売業,-
3160.T,3160,大光,スタンダード,卸売業,-
3161.T,3161,アゼアス,スタンダード,卸売業,-
3166.T,3166,ＯＣＨＩホールディングス,スタンダード,卸売業,-
3167.T,3167,ＴＯＫＡＩホールディングス,プライム,卸売業,TOPIX Small 1
3168.T,3168,ＭＥＲＦ,スタンダード,卸売業,-
3169.T,3169,ミサワ,スタンダード,小売業,-
3172.T,3172,ティーライフ,スタンダード,小売業,-
3173.T,3173,Ｃｏｍｉｎｉｘ,スタンダード,卸売業,-
3174.T,3174,ハピネス・アンド・ディ,スタンダード,小売業,-
3175.T,3175,エー・ピーホールディングス,スタンダード,小売業,-
3176.T,3176,三洋貿易,プライム,卸売業,TOPIX Small 2
3177.T,3177,ありがとうサービス,スタンダード,小売業,-
3178.T,3178,チムニー,スタンダード,小売業,-
3179.T,3179,シュッピン,プライム,小売業,TOPIX Small 2
3180.T,3180,ビューティガレージ,プライム,卸売業,TOPIX Small 2
3181.T,3181,買取王国,スタンダード,小売業,-
3182.T,3182,オイシックス・ラ・大地,プライム,小売業,TOPIX Small 1
3183.T,3183,ウイン・パートナーズ,プライム,卸売業,TOPIX Small 2
3184.T,3184,ＩＣＤＡホールディングス,スタンダード,小売業,-
3185.T,3185,夢展望,グロース,小売業,-
3186.T,3186,ネクステージ,プライム,小売業,TOPIX Small 1
3187.T,3187,ミラタップ,グロース,小売業,-
3189.T,3189,ＡＮＡＰホールディングス,スタンダード,小売業,-
3190.T,3190,ホットマン,スタンダード,小売業,-
3191.T,3191,ジョイフル本田,プライム,小売業,TOPIX Small 1
3192.T,3192,白鳩,スタンダード,小売業,-
3193.T,3193,エターナルホスピタリティグループ,プライム,小売業,TOPIX Small 2
3195.T,3195,ジェネレーションパス,スタンダード,小売業,-
3196.T,3196,ホットランドホールディングス,プライム,小売業,TOPIX Small 2
3197.T,3197,すかいらーくホールディングス,プライム,小売業,TOPIX Mid400
3199.T,3199,綿半ホールディングス,プライム,小売業,TOPIX Small 2
319A.T,319A,技術承継機構,グロース,金属製品,-
3201.T,3201,日本毛織,プライム,繊維製品,TOPIX Small 1
3202.T,3202,ダイトウボウ,スタンダード,繊維製品,-
3204.T,3204,トーア紡コーポレーション,スタンダード,繊維製品,-
3205.T,3205,ダイドーリミテッド,スタンダード,繊維製品,-
3221.T,3221,ヨシックスホールディングス,プライム,小売業,TOPIX Small 2
3222.T,3222,ユナイテッド・スーパーマーケット・ホールディングス,スタンダード,小売業,TOPIX Small 1
3223.T,3223,エスエルディー,スタンダード,小売業,-
3224.T,3224,ゼネラル・オイスター,グロース,小売業,-
3231.T,3231,野村不動産ホールディングス,プライム,不動産業,TOPIX Mid400
3232.T,3232,三重交通グループホールディングス,プライム,不動産業,TOPIX Small 2
3236.T,3236,プロパスト,スタンダード,不動産業,-
3237.T,3237,イントランス,グロース,不動産業,-
3238.T,3238,セントラル総合開発,スタンダード,不動産業,-
323A.T,323A,フライヤー,グロース,情報・通信業,-
3241.T,3241,ウィル,スタンダード,不動産業,-
3242.T,3242,アーバネットコーポレーション,スタンダード,不動産業,-
3245.T,3245,ディア・ライフ,プライム,不動産業,TOPIX Small 2
3246.T,3246,コーセーアールイー,スタンダード,不動産業,-
3248.T,3248,アールエイジ,スタンダード,不動産業,-
324A.T,324A,ブッキングリゾート,グロース,サービス業,-
3252.T,3252,地主,プライム,不動産業,TOPIX Small 2
325A.T,325A,ＴＥＮＴＩＡＬ,グロース,繊維製品,-
3261.T,3261,グランディーズ,グロース,不動産業,-
3266.T,3266,ファンドクリエーショングループ,スタンダード,不動産業,-
3267.T,3267,フィル・カンパニー,スタンダード,建設業,TOPIX Small 2
3271.T,3271,ＴＨＥグローバル社,スタンダード,不動産業,-
3276.T,3276,ＪＰＭＣ,プライム,不動産業,TOPIX Small 2
3277.T,3277,サンセイランディック,スタンダード,不動産業,-
3280.T,3280,エストラスト,スタンダード,不動産業,-
3284.T,3284,フージャースホールディングス,プライム,不動産業,TOPIX Small 2
3286.T,3286,トラストホールディングス,スタンダード,不動産業,-
3288.T,3288,オープンハウスグループ,プライム,不動産業,TOPIX Mid400
3289.T,3289,東急不動産ホールディングス,プライム,不動産業,TOPIX Mid400
3291.T,3291,飯田グループホールディングス,プライム,不動産業,TOPIX Mid400
3293.T,3293,アズマハウス,スタンダード,不動産業,-
3297.T,3297,東武住販,スタンダード,不動産業,-
3299.T,3299,ムゲンエステート,スタンダード,不動産業,-
3300.T,3300,アンビション　ＤＸ　ホールディングス,グロース,不動産業,-
3302.T,3302,帝国繊維,プライム,繊維製品,TOPIX Small 2
3306.T,3306,日本製麻,スタンダード,卸売業,-
330A.T,330A,ＴａｌｅｎｔＸ,グロース,情報・通信業,-
3315.T,3315,日本コークス工業,プライム,石油・石炭製品,TOPIX Small 2
3317.T,3317,フライングガーデン,スタンダード,小売業,-
331A.T,331A,メディックス,スタンダード,サービス業,-
3320.T,3320,クロスプラス,スタンダード,卸売業,-
3321.T,3321,ミタチ産業,スタンダード,卸売業,-
3323.T,3323,レカム,スタンダード,卸売業,-
3326.T,3326,ランシステム,スタンダード,サービス業,-
3329.T,3329,東和フードサービス,スタンダード,小売業,-
332A.T,332A,ミーク,グロース,情報・通信業,-
3333.T,3333,あさひ,プライム,小売業,TOPIX Small 2
3349.T,3349,コスモス薬品,プライム,小売業,TOPIX Mid400
334A.T,334A,ビジュアル・プロセッシング・ジャパン,グロース,情報・通信業,-
3350.T,3350,メタプラネット,スタンダード,卸売業,-
3352.T,3352,バッファロー,スタンダード,小売業,-
3353.T,3353,メディカル一光グループ,スタンダード,小売業,-
3355.T,3355,クリヤマホールディングス,スタンダード,卸売業,-
3358.T,3358,Ｔｒａｉｌｈｅａｄ　Ｇｌｏｂａｌ　Ｈｏｌｄｉｎｇｓ,スタンダード,小売業,-
3359.T,3359,ｃｏｔｔａ,グロース,卸売業,-
335A.T,335A,ミライロ,グロース,情報・通信業,-
3360.T,3360,シップヘルスケアホールディングス,プライム,卸売業,TOPIX Mid400
3361.T,3361,トーエル,スタンダード,小売業,-
336A.T,336A,ダイナミックマッププラットフォーム,グロース,情報・通信業,-
3370.T,3370,フジタコーポレーション,スタンダード,小売業,-
3371.T,3371,ソフトクリエイトホールディングス,プライム,情報・通信業,TOPIX Small 2
3372.T,3372,関門海,スタンダード,小売業,-
3374.T,3374,内外テック,スタンダード,卸売業,-
3375.T,3375,ＺＯＡ,スタンダード,小売業,-
3377.T,3377,バイク王＆カンパニー,スタンダード,卸売業,-
3382.T,3382,セブン＆アイ・ホールディングス,プライム,小売業,TOPIX Core30
3386.T,3386,コスモ・バイオ,スタンダード,卸売業,-
3387.T,3387,クリエイト・レストランツ・ホールディングス,プライム,小売業,TOPIX Small 1
3388.T,3388,明治電機工業,プライム,卸売業,TOPIX Small 2
338A.T,338A,ＺｅｎｍｕＴｅｃｈ,グロース,情報・通信業,-
3391.T,3391,ツルハホールディングス,プライム,小売業,TOPIX Mid400
3392.T,3392,デリカフーズホールディングス,スタンダード,卸売業,-
3393.T,3393,スターティアホールディングス,プライム,卸売業,-
3395.T,3395,サンマルクホールディングス,プライム,小売業,TOPIX Small 1
3396.T,3396,フェリシモ,スタンダード,小売業,-
3397.T,3397,トリドールホールディングス,プライム,小売業,TOPIX Mid400
3399.T,3399,丸千代山岡家,スタンダード,小売業,-
339A.T,339A,プログレス・テクノロジーズ　グループ,グロース,サービス業,-
3401.T,3401,帝人,プライム,繊維製品,TOPIX Mid400
3402.T,3402,東レ,プライム,繊維製品,TOPIX Mid400
3405.T,3405,クラレ,プライム,化学,TOPIX Mid400
3407.T,3407,旭化成,プライム,化学,TOPIX Large70
3409.T,3409,北紡,スタンダード,繊維製品,-
340A.T,340A,ジグザグ,グロース,情報・通信業,-
3415.T,3415,ＴＯＫＹＯ　ＢＡＳＥ,プライム,小売業,TOPIX Small 2
3416.T,3416,ピクスタ,スタンダード,小売業,-
3417.T,3417,大木ヘルスケアホールディングス,スタンダード,卸売業,-
3418.T,3418,バルニバービ,グロース,小売業,-
341A.T,341A,トヨコー,グロース,建設業,-
3420.T,3420,ケー・エフ・シー,スタンダード,金属製品,-
3421.T,3421,稲葉製作所,スタンダード,金属製品,TOPIX Small 2
3422.T,3422,Ｊ－ＭＡＸ,スタンダード,金属製品,-
3423.T,3423,エスイー,スタンダード,金属製品,-
3426.T,3426,アトムリビンテック,スタンダード,金属製品,-
3431.T,3431,宮地エンジニアリンググループ,プライム,金属製品,TOPIX Small 1
3433.T,3433,トーカロ,プライム,金属製品,TOPIX Small 1
3434.T,3434,アルファＣｏ,スタンダード,金属製品,-
3435.T,3435,サンコーテクノ,スタンダード,金属製品,-
3436.T,3436,ＳＵＭＣＯ,プライム,金属製品,TOPIX Mid400
3437.T,3437,特殊電極,スタンダード,金属製品,-
3439.T,3439,三ツ知,スタンダード,金属製品,-
343A.T,343A,ＩＡＣＥトラベル,スタンダード,サービス業,-
3440.T,3440,日創グループ,スタンダード,金属製品,-
3441.T,3441,山王,スタンダード,金属製品,-
3443.T,3443,川田テクノロジーズ,プライム,金属製品,TOPIX Small 2
3444.T,3444,菊池製作所,スタンダード,金属製品,-
3445.T,3445,ＲＳ　Ｔｅｃｈｎｏｌｏｇｉｅｓ,プライム,金属製品,TOPIX Small 1
3446.T,3446,ジェイテックコーポレーション,スタンダード,金属製品,-
3447.T,3447,信和,スタンダード,金属製品,-
3449.T,3449,テクノフレックス,スタンダード,金属製品,-
3452.T,3452,ビーロット,スタンダード,不動産業,-
3454.T,3454,ファーストブラザーズ,スタンダード,不動産業,-
3457.T,3457,Ａｎｄ　Ｄｏホールディングス,プライム,不動産業,TOPIX Small 2
3461.T,3461,パルマ,スタンダード,不動産業,-
3465.T,3465,ケイアイスター不動産,プライム,不動産業,TOPIX Small 1
3467.T,3467,アグレ都市デザイン,スタンダード,不動産業,-
3469.T,3469,デュアルタップ,スタンダード,不動産業,-
3474.T,3474,Ｇ－ＦＡＣＴＯＲＹ,グロース,不動産業,-
3475.T,3475,グッドコムアセット,プライム,不動産業,TOPIX Small 2
3477.T,3477,フォーライフ,グロース,不動産業,-
3479.T,3479,ＴＫＰ,グロース,不動産業,-
3480.T,3480,ジェイ・エス・ビー,プライム,不動産業,TOPIX Small 2
3482.T,3482,ロードスターキャピタル,プライム,不動産業,TOPIX Small 2
3484.T,3484,イノベーションホールディングス,スタンダード,不動産業,-
3486.T,3486,グローバル・リンク・マネジメント,プライム,不動産業,-
3489.T,3489,フェイスネットワーク,スタンダード,不動産業,-
3490.T,3490,アズ企画設計,スタンダード,不動産業,-
3491.T,3491,ＧＡ　ｔｅｃｈｎｏｌｏｇｉｅｓ,グロース,不動産業,-
3494.T,3494,マリオン,スタンダード,不動産業,-
3495.T,3495,香陵住販,スタンダード,不動産業,-
3496.T,3496,アズーム,プライム,不動産業,TOPIX Small 2
3498.T,3498,霞ヶ関キャピタル,プライム,不動産業,TOPIX Small 1
3501.T,3501,ＳＵＭＩＮＯＥ,プライム,繊維製品,-
350A.T,350A,デジタルグリッド,グロース,電気・ガス業,-
3512.T,3512,日本フエルト,スタンダード,繊維製品,-
3513.T,3513,イチカワ,スタンダード,繊維製品,-
3521.T,3521,テルマー湯ホールディングス,スタンダード,サービス業,-
3524.T,3524,日東製網,スタンダード,繊維製品,-
3529.T,3529,アツギ,スタンダード,繊維製品,-
352A.T,352A,ＬＯＩＶＥ,グロース,サービス業,-
3536.T,3536,アクサスホールディングス,スタンダード,小売業,-
3537.T,3537,昭栄薬品,スタンダード,卸売業,-
3538.T,3538,ウイルプラスホールディングス,スタンダード,小売業,-
3539.T,3539,ＪＭホールディングス,プライム,小売業,TOPIX Small 2
3542.T,3542,ベガコーポレーション,グロース,小売業,-
3543.T,3543,コメダホールディングス,プライム,卸売業,TOPIX Small 1
3544.T,3544,サツドラホールディングス,スタンダード,小売業,-
3547.T,3547,ユニシアホールディングス,スタンダード,小売業,TOPIX Small 2
3548.T,3548,バロックジャパンリミテッド,プライム,小売業,TOPIX Small 2
3549.T,3549,クスリのアオキホールディングス,スタンダード,小売業,TOPIX Mid400
3550.T,3550,スタジオアタオ,グロース,小売業,-
3551.T,3551,ダイニック,スタンダード,繊維製品,-
3553.T,3553,共和レザー,スタンダード,化学,-
3556.T,3556,リネットジャパングループ,グロース,小売業,-
3557.T,3557,ユナイテッド＆コレクティブ,グロース,小売業,-
3558.T,3558,ジェイドグループ,グロース,小売業,-
3559.T,3559,ピーバンドットコム,スタンダード,卸売業,-
3560.T,3560,ほぼ日,スタンダード,小売業,-
3561.T,3561,力の源ホールディングス,プライム,小売業,TOPIX Small 2
3562.T,3562,Ｎｏ．１,スタンダード,卸売業,-
3563.T,3563,ＦＯＯＤ　＆　ＬＩＦＥ　ＣＯＭＰＡＮＩＥＳ,プライム,小売業,TOPIX Mid400
3565.T,3565,アセンテック,スタンダード,卸売業,TOPIX Small 2
3566.T,3566,ユニフォームネクスト,グロース,小売業,-
3569.T,3569,セーレン,プライム,繊維製品,TOPIX Small 1
3571.T,3571,ソトー,スタンダード,繊維製品,-
3577.T,3577,東海染工,スタンダード,繊維製品,-
3580.T,3580,小松マテーレ,プライム,繊維製品,TOPIX Small 2
3583.T,3583,オーベクス,スタンダード,繊維製品,-
3591.T,3591,ワコールホールディングス,プライム,繊維製品,TOPIX Mid400
3597.T,3597,自重堂,スタンダード,繊維製品,-
3598.T,3598,山喜,スタンダード,繊維製品,-
3600.T,3600,フジックス,スタンダード,繊維製品,-
3607.T,3607,クラウディアホールディングス,スタンダード,繊維製品,-
3608.T,3608,ＴＳＩホールディングス,プライム,繊維製品,TOPIX Small 1
3611.T,3611,マツオカコーポレーション,スタンダード,繊維製品,-
3612.T,3612,ワールド,プライム,繊維製品,TOPIX Small 1
3622.T,3622,ネットイヤーグループ,スタンダード,情報・通信業,-
3623.T,3623,ビリングシステム,グロース,情報・通信業,-
3624.T,3624,アクセルマーク,グロース,情報・通信業,-
3625.T,3625,テックファームホールディングス,グロース,情報・通信業,-
3626.T,3626,ＴＩＳ,プライム,情報・通信業,TOPIX Mid400
3627.T,3627,テクミラホールディングス,スタンダード,情報・通信業,-
3628.T,3628,データホライゾン,グロース,情報・通信業,-
3632.T,3632,グリーホールディングス,プライム,情報・通信業,TOPIX Small 2
3633.T,3633,ＧＭＯペパボ,スタンダード,情報・通信業,TOPIX Small 2
3634.T,3634,ソケッツ,スタンダード,情報・通信業,-
3635.T,3635,コーエーテクモホールディングス,プライム,情報・通信業,TOPIX Mid400
3636.T,3636,三菱総合研究所,プライム,情報・通信業,TOPIX Small 1
3639.T,3639,ボルテージ,スタンダード,情報・通信業,-
3640.T,3640,電算,スタンダード,情報・通信業,-
3641.T,3641,パピレス,スタンダード,情報・通信業,-
3645.T,3645,メディカルネット,グロース,情報・通信業,-
3646.T,3646,駅探,スタンダード,情報・通信業,-
3647.T,3647,アスリナ,スタンダード,情報・通信業,-
3648.T,3648,ＡＧＳ,スタンダード,情報・通信業,-
3649.T,3649,ファインデックス,プライム,情報・通信業,TOPIX Small 2
3652.T,3652,ディジタルメディアプロフェッショナル,グロース,情報・通信業,-
3653.T,3653,モルフォ,グロース,情報・通信業,-
3656.T,3656,ＫＬａｂ,プライム,情報・通信業,TOPIX Small 2
3657.T,3657,ポールトゥウィンホールディングス,プライム,情報・通信業,TOPIX Small 2
3659.T,3659,ネクソン,プライム,情報・通信業,TOPIX Mid400
365A.T,365A,伊澤タオル,スタンダード,繊維製品,-
3660.T,3660,アイスタイル,プライム,情報・通信業,TOPIX Small 1
3661.T,3661,エムアップホールディングス,プライム,情報・通信業,TOPIX Small 1
3662.T,3662,エイチームホールディングス,プライム,情報・通信業,TOPIX Small 2
3663.T,3663,セルシス,プライム,情報・通信業,TOPIX Small 2
3664.T,3664,ＷＩＺＥ,グロース,情報・通信業,-
3665.T,3665,エニグモ,プライム,情報・通信業,TOPIX Small 2
3667.T,3667,ｅｎｉｓｈ,スタンダード,情報・通信業,-
3668.T,3668,コロプラ,プライム,情報・通信業,TOPIX Small 1
366A.T,366A,ウェルネス・コミュニケーションズ,グロース,サービス業,-
3670.T,3670,協立情報通信,スタンダード,情報・通信業,-
3671.T,3671,ソフトマックス,スタンダード,情報・通信業,-
3672.T,3672,オルトプラス,スタンダード,情報・通信業,-
3673.T,3673,ブロードリーフ,プライム,情報・通信業,TOPIX Small 1
3674.T,3674,オークファン,グロース,情報・通信業,-
3675.T,3675,クロス・マーケティンググループ,スタンダード,情報・通信業,-
3676.T,3676,デジタルハーツホールディングス,プライム,情報・通信業,TOPIX Small 2
3678.T,3678,メディアドゥ,プライム,情報・通信業,TOPIX Small 2
3679.T,3679,じげん,プライム,情報・通信業,TOPIX Small 2
367A.T,367A,プリモグローバルホールディングス,スタンダード,小売業,-
3680.T,3680,ホットリンク,グロース,情報・通信業,-
3681.T,3681,ブイキューブ,プライム,情報・通信業,-
3682.T,3682,エンカレッジ・テクノロジ,スタンダード,情報・通信業,-
3683.T,3683,サイバーリンクス,スタンダード,情報・通信業,-
3686.T,3686,ディー・エル・イー,スタンダード,情報・通信業,-
3687.T,3687,フィックスターズ,プライム,情報・通信業,TOPIX Small 2
368A.T,368A,北里コーポレーション,プライム,精密機器,TOPIX Small 2
3690.T,3690,イルグルム,スタンダード,情報・通信業,-
3691.T,3691,デジタルプラス,グロース,情報・通信業,-
3692.T,3692,ＦＦＲＩセキュリティ,グロース,情報・通信業,-
3694.T,3694,オプティム,プライム,情報・通信業,TOPIX Small 2
3695.T,3695,ＧＭＯプロダクトプラットフォーム,グロース,情報・通信業,-
3696.T,3696,セレス,プライム,情報・通信業,TOPIX Small 2
3697.T,3697,ＳＨＩＦＴ,プライム,情報・通信業,TOPIX Mid400
3698.T,3698,ＣＲＩ・ミドルウェア,スタンダード,情報・通信業,-
369A.T,369A,エータイ,グロース,サービス業,-
3708.T,3708,特種東海製紙,プライム,パルプ・紙,TOPIX Small 2
3710.T,3710,ジョルダン,スタンダード,情報・通信業,-
3712.T,3712,情報企画,スタンダード,情報・通信業,-
3719.T,3719,ＡＩストーム,スタンダード,情報・通信業,-
3723.T,3723,日本ファルコム,グロース,情報・通信業,-
3726.T,3726,フォーシーズＨＤ,スタンダード,小売業,-
3727.T,3727,アプリックス,グロース,情報・通信業,-
372A.T,372A,レント,スタンダード,サービス業,-
3733.T,3733,ソフトウェア・サービス,スタンダード,情報・通信業,-
373A.T,373A,リップス,グロース,化学,-
3741.T,3741,セック,プライム,情報・通信業,TOPIX Small 2
3744.T,3744,サイオス,スタンダード,情報・通信業,-
3747.T,3747,インタートレード,スタンダード,情報・通信業,-
3750.T,3750,ＡＤＲ１２０Ｓ,スタンダード,情報・通信業,-
3753.T,3753,フライトソリューションズ,スタンダード,情報・通信業,-
3758.T,3758,アエリア,スタンダード,情報・通信業,-
3760.T,3760,ケイブ,スタンダード,情報・通信業,-
3762.T,3762,テクマトリックス,プライム,情報・通信業,TOPIX Small 1
3763.T,3763,プロシップ,プライム,情報・通信業,TOPIX Small 2
3765.T,3765,ガンホー・オンライン・エンターテイメント,プライム,情報・通信業,TOPIX Small 1
3766.T,3766,システムズ・デザイン,スタンダード,情報・通信業,-
3768.T,3768,リスクモンスター,スタンダード,情報・通信業,-
3769.T,3769,ＧＭＯペイメントゲートウェイ,プライム,情報・通信業,TOPIX Mid400
3771.T,3771,システムリサーチ,プライム,情報・通信業,TOPIX Small 2
3772.T,3772,ウェルス・マネジメント,スタンダード,不動産業,-
3773.T,3773,アドバンスト・メディア,グロース,情報・通信業,-
3774.T,3774,インターネットイニシアティブ,プライム,情報・通信業,TOPIX Mid400
3776.T,3776,ブロードバンドタワー,スタンダード,情報・通信業,-
3777.T,3777,環境フレンドリーホールディングス,グロース,情報・通信業,-
3778.T,3778,さくらインターネット,プライム,情報・通信業,TOPIX Small 1
3779.T,3779,ジェイ・エスコムホールディングス,スタンダード,情報・通信業,-
3787.T,3787,テクノマセマティカル,スタンダード,情報・通信業,-
3788.T,3788,ＧＭＯグローバルサイン・ホールディングス,プライム,情報・通信業,TOPIX Small 2
378A.T,378A,ヒット,グロース,サービス業,-
3791.T,3791,ＩＧポート,スタンダード,情報・通信業,-
3793.T,3793,ドリコム,グロース,情報・通信業,-
3796.T,3796,いい生活,スタンダード,情報・通信業,-
3798.T,3798,ＵＬＳグループ,スタンダード,情報・通信業,-
3799.T,3799,キーウェアソリューションズ,スタンダード,情報・通信業,-
3800.T,3800,ユニリタ,スタンダード,情報・通信業,-
3802.T,3802,エコミック,スタンダード,情報・通信業,-
3803.T,3803,イメージ情報開発,グロース,情報・通信業,-
3804.T,3804,システム　ディ,スタンダード,情報・通信業,-
3807.T,3807,フィスコ,グロース,情報・通信業,-
3810.T,3810,サイバーステップホールディングス,スタンダード,情報・通信業,-
3815.T,3815,メディア工房,グロース,情報・通信業,-
3816.T,3816,大和コンピューター,スタンダード,情報・通信業,-
3817.T,3817,ＳＲＡホールディングス,プライム,情報・通信業,TOPIX Small 2
3823.T,3823,ＴＨＥ　ＷＨＹ　ＨＯＷ　ＤＯ　ＣＯＭＰＡＮＹ,スタンダード,情報・通信業,-
3825.T,3825,リミックスポイント,スタンダード,小売業,-
3826.T,3826,システムインテグレータ,スタンダード,情報・通信業,-
3834.T,3834,朝日ネット,プライム,情報・通信業,TOPIX Small 2
3835.T,3835,ｅＢＡＳＥ,プライム,情報・通信業,TOPIX Small 2
3836.T,3836,アバントグループ,プライム,情報・通信業,TOPIX Small 2
3837.T,3837,アドソル日進,プライム,情報・通信業,TOPIX Small 2
3839.T,3839,ＯＤＫソリューションズ,スタンダード,情報・通信業,-
3840.T,3840,パス,スタンダード,情報・通信業,-
3841.T,3841,ジーダット,スタンダード,情報・通信業,-
3842.T,3842,ネクストジェン,スタンダード,情報・通信業,-
3843.T,3843,フリービット,プライム,情報・通信業,TOPIX Small 2
3844.T,3844,コムチュア,プライム,情報・通信業,TOPIX Small 1
3845.T,3845,アイフリークモバイル,スタンダード,情報・通信業,-
3848.T,3848,データ・アプリケーション,スタンダード,情報・通信業,-
3850.T,3850,エヌ・ティ・ティ・データ・イントラマート,スタンダード,情報・通信業,-
3851.T,3851,日本一ソフトウェア,スタンダード,情報・通信業,-
3853.T,3853,アステリア,プライム,情報・通信業,TOPIX Small 2
3854.T,3854,アイル,プライム,情報・通信業,TOPIX Small 2
3856.T,3856,Ａｂａｌａｎｃｅ,スタンダード,電気機器,-
3858.T,3858,ユビキタスＡＩ,スタンダード,情報・通信業,-
3861.T,3861,王子ホールディングス,プライム,パルプ・紙,TOPIX Mid400
3863.T,3863,日本製紙,プライム,パルプ・紙,TOPIX Small 1
3864.T,3864,三菱製紙,プライム,パルプ・紙,-
3865.T,3865,北越コーポレーション,プライム,パルプ・紙,TOPIX Small 1
386A.T,386A,みのや,スタンダード,小売業,-
3877.T,3877,中越パルプ工業,プライム,パルプ・紙,-
3878.T,3878,巴川コーポレーション,スタンダード,化学,-
387A.T,387A,フラー,グロース,情報・通信業,-
3880.T,3880,大王製紙,プライム,パルプ・紙,TOPIX Small 1
3891.T,3891,ニッポン高度紙工業,スタンダード,パルプ・紙,-
3892.T,3892,岡山製紙,スタンダード,パルプ・紙,-
3895.T,3895,ハビックス,スタンダード,パルプ・紙,-
3896.T,3896,阿波製紙,スタンダード,パルプ・紙,-
3900.T,3900,クラウドワークス,グロース,情報・通信業,-
3901.T,3901,マークラインズ,プライム,情報・通信業,TOPIX Small 2
3903.T,3903,ｇｕｍｉ,プライム,情報・通信業,TOPIX Small 2
3904.T,3904,カヤック,グロース,情報・通信業,-
3905.T,3905,データセクション,グロース,情報・通信業,-
3907.T,3907,シリコンスタジオ,スタンダード,情報・通信業,-
3908.T,3908,コラボス,スタンダード,情報・通信業,-
3909.T,3909,ショーケース,スタンダード,情報・通信業,-
3910.T,3910,エムケイシステム,スタンダード,情報・通信業,-
3911.T,3911,Ａｉｍｉｎｇ,グロース,情報・通信業,-
3912.T,3912,モバイルファクトリー,スタンダード,情報・通信業,-
3913.T,3913,ＧｒｅｅｎＢｅｅ,スタンダード,情報・通信業,-
3914.T,3914,ＪＩＧ－ＳＡＷ,グロース,情報・通信業,-
3915.T,3915,テラスカイ,プライム,情報・通信業,TOPIX Small 2
3916.T,3916,デジタル・インフォメーション・テクノロジー,プライム,情報・通信業,TOPIX Small 2
3917.T,3917,アイリッジ,グロース,情報・通信業,-
3918.T,3918,ＰＣＩホールディングス,スタンダード,情報・通信業,-
3920.T,3920,アイビーシー,スタンダード,情報・通信業,-
3921.T,3921,ネオジャパン,プライム,情報・通信業,TOPIX Small 2
3922.T,3922,ＰＲ　ＴＩＭＥＳ,プライム,情報・通信業,TOPIX Small 2
3923.T,3923,ラクス,プライム,情報・通信業,TOPIX Mid400
3925.T,3925,ダブルスタンダード,プライム,情報・通信業,TOPIX Small 2
3926.T,3926,オープンドア,スタンダード,情報・通信業,TOPIX Small 2
3927.T,3927,フーバーブレイン,スタンダード,情報・通信業,-
3928.T,3928,マイネット,スタンダード,情報・通信業,-
3929.T,3929,ソーシャルワイヤー,グロース,情報・通信業,-
3930.T,3930,はてな,グロース,情報・通信業,-
3931.T,3931,バリューゴルフ,グロース,情報・通信業,-
3932.T,3932,アカツキ,プライム,情報・通信業,TOPIX Small 2
3933.T,3933,チエル,スタンダード,情報・通信業,-
3934.T,3934,ベネフィットジャパン,スタンダード,情報・通信業,-
3935.T,3935,エディア,スタンダード,情報・通信業,-
3936.T,3936,グローバルウェイ,グロース,情報・通信業,-
3937.T,3937,Ｕｂｉｃｏｍホールディングス,スタンダード,情報・通信業,TOPIX Small 2
3939.T,3939,カナミックネットワーク,プライム,情報・通信業,TOPIX Small 2
3940.T,3940,ノムラシステムコーポレーション,スタンダード,情報・通信業,-
3941.T,3941,レンゴー,プライム,パルプ・紙,TOPIX Mid400
3943.T,3943,大石産業,スタンダード,パルプ・紙,-
3944.T,3944,古林紙工,スタンダード,パルプ・紙,-
3945.T,3945,スーパーバッグ,スタンダード,パルプ・紙,-
3946.T,3946,トーモク,プライム,パルプ・紙,TOPIX Small 2
3947.T,3947,ダイナパック,スタンダード,パルプ・紙,-
3948.T,3948,光ビジネスフォーム,スタンダード,パルプ・紙,-
3950.T,3950,ザ・パック,プライム,パルプ・紙,TOPIX Small 2
3951.T,3951,朝日印刷,スタンダード,パルプ・紙,-
3953.T,3953,大村紙業,スタンダード,パルプ・紙,-
3954.T,3954,昭和パックス,スタンダード,パルプ・紙,-
3955.T,3955,イムラ,スタンダード,パルプ・紙,-
3958.T,3958,笹徳印刷,スタンダード,パルプ・紙,-
3962.T,3962,チェンジホールディングス,プライム,情報・通信業,TOPIX Small 1
3963.T,3963,シンクロ・フード,プライム,情報・通信業,-
3964.T,3964,オークネット,プライム,情報・通信業,TOPIX Small 2
3965.T,3965,キャピタル・アセット・プランニング,スタンダード,情報・通信業,-
3967.T,3967,エルテス,グロース,情報・通信業,-
3968.T,3968,セグエグループ,プライム,情報・通信業,-
3969.T,3969,エイトレッド,スタンダード,情報・通信業,-
3970.T,3970,イノベーション,スタンダード,情報・通信業,-
3974.T,3974,ＳＣＡＴ,スタンダード,情報・通信業,-
3976.T,3976,シャノン,グロース,情報・通信業,-
3979.T,3979,うるる,グロース,情報・通信業,-
3981.T,3981,ビーグリー,スタンダード,情報・通信業,-
3983.T,3983,オロ,プライム,情報・通信業,TOPIX Small 2
3984.T,3984,ユーザーローカル,プライム,情報・通信業,TOPIX Small 2
3985.T,3985,テモナ,スタンダード,情報・通信業,-
3986.T,3986,ビーブレイクシステムズ,スタンダード,情報・通信業,-
3987.T,3987,エコモット,グロース,情報・通信業,-
3988.T,3988,ＳＹＳホールディングス,スタンダード,情報・通信業,-
3989.T,3989,シェアリングテクノロジー,グロース,情報・通信業,-
3991.T,3991,ウォンテッドリー,グロース,情報・通信業,-
3992.T,3992,ニーズウェル,プライム,情報・通信業,-
3993.T,3993,ＰＫＳＨＡ　Ｔｅｃｈｎｏｌｏｇｙ,プライム,情報・通信業,TOPIX Small 1
3994.T,3994,マネーフォワード,プライム,情報・通信業,TOPIX Mid400
3996.T,3996,サインポスト,スタンダード,情報・通信業,-
3997.T,3997,トレードワークス,スタンダード,情報・通信業,-
3998.T,3998,すららネット,グロース,情報・通信業,-
4004.T,4004,レゾナック・ホールディングス,プライム,化学,TOPIX Mid400
4005.T,4005,住友化学,プライム,化学,TOPIX Mid400
4008.T,4008,住友精化,プライム,化学,TOPIX Small 1
4011.T,4011,ヘッドウォータース,グロース,情報・通信業,-
4012.T,4012,アクシス,スタンダード,情報・通信業,-
4013.T,4013,勤次郎,グロース,情報・通信業,-
4014.T,4014,カラダノート,グロース,情報・通信業,-
4015.T,4015,ペイクラウドホールディングス,グロース,情報・通信業,-
4016.T,4016,ＭＩＴホールディングス,スタンダード,情報・通信業,-
4017.T,4017,クリーマ,グロース,情報・通信業,-
4019.T,4019,スタメン,グロース,情報・通信業,-
4020.T,4020,ビートレンド,グロース,情報・通信業,-
4021.T,4021,日産化学,プライム,化学,TOPIX Mid400
4022.T,4022,ラサ工業,プライム,化学,TOPIX Small 2
4023.T,4023,クレハ,プライム,化学,TOPIX Small 1
4025.T,4025,多木化学,プライム,化学,TOPIX Small 2
4026.T,4026,神島化学工業,スタンダード,ガラス・土石製品,-
4027.T,4027,テイカ,プライム,化学,TOPIX Small 2
4028.T,4028,石原産業,プライム,化学,TOPIX Small 1
402A.T,402A,アクセルスペースホールディングス,グロース,輸送用機器,-
4031.T,4031,片倉コープアグリ,スタンダード,化学,-
4040.T,4040,南海化学,スタンダード,化学,-
4041.T,4041,日本曹達,プライム,化学,TOPIX Small 1
4042.T,4042,東ソー,プライム,化学,TOPIX Mid400
4043.T,4043,トクヤマ,プライム,化学,TOPIX Mid400
4044.T,4044,セントラル硝子,プライム,化学,TOPIX Small 1
4045.T,4045,東亞合成,プライム,化学,TOPIX Mid400
4046.T,4046,大阪ソーダ,プライム,化学,TOPIX Small 1
4047.T,4047,関東電化工業,プライム,化学,TOPIX Small 1
4051.T,4051,ＧＭＯフィナンシャルゲート,プライム,情報・通信業,TOPIX Small 2
4052.T,4052,フィーチャ,グロース,情報・通信業,-
4053.T,4053,Ｓｕｎ　Ａｓｔｅｒｉｓｋ,プライム,情報・通信業,TOPIX Small 2
4054.T,4054,日本情報クリエイト,グロース,情報・通信業,-
4055.T,4055,ティアンドエスグループ,グロース,情報・通信業,-
4056.T,4056,ニューラルグループ,グロース,情報・通信業,-
4057.T,4057,インターファクトリー,グロース,情報・通信業,-
4058.T,4058,トヨクモ,グロース,情報・通信業,-
4059.T,4059,まぐまぐ,スタンダード,情報・通信業,-
4060.T,4060,ｒａｋｕｍｏ,グロース,情報・通信業,-
4061.T,4061,デンカ,プライム,化学,TOPIX Mid400
4062.T,4062,イビデン,プライム,電気機器,TOPIX Mid400
4063.T,4063,信越化学工業,プライム,化学,TOPIX Core30
4064.T,4064,日本カーバイド工業,プライム,化学,TOPIX Small 2
4068.T,4068,ベイシス,グロース,情報・通信業,-
4069.T,4069,ＢｌｕｅＭｅｍｅ,グロース,情報・通信業,-
4071.T,4071,プラスアルファ・コンサルティング,プライム,情報・通信業,TOPIX Small 1
4072.T,4072,電算システムホールディングス,プライム,情報・通信業,TOPIX Small 2
4073.T,4073,ジィ・シィ企画,グロース,情報・通信業,-
4074.T,4074,ラキール,グロース,情報・通信業,-
4075.T,4075,ブレインズテクノロジー,グロース,情報・通信業,-
4076.T,4076,シイエヌエス,グロース,情報・通信業,-
4078.T,4078,堺化学工業,プライム,化学,TOPIX Small 1
407A.T,407A,ＵＮＩＣＯＮホールディングス,スタンダード,建設業,-
4082.T,4082,第一稀元素化学工業,プライム,化学,TOPIX Small 2
4088.T,4088,エア・ウォーター,プライム,化学,-
4091.T,4091,日本酸素ホールディングス,プライム,化学,TOPIX Mid400
4092.T,4092,日本化学工業,プライム,化学,TOPIX Small 2
4093.T,4093,東邦アセチレン,スタンダード,化学,-
4094.T,4094,日本化学産業,スタンダード,化学,-
4095.T,4095,日本パーカライジング,プライム,化学,TOPIX Small 1
4097.T,4097,高圧ガス工業,プライム,化学,TOPIX Small 2
4098.T,4098,チタン工業,スタンダード,化学,-
4099.T,4099,四国化成ホールディングス,プライム,化学,TOPIX Small 2
409A.T,409A,オリオンビール,プライム,食料品,TOPIX Small 2
4100.T,4100,戸田工業,スタンダード,化学,TOPIX Small 2
4102.T,4102,丸尾カルシウム,スタンダード,化学,-
4107.T,4107,伊勢化学工業,スタンダード,化学,-
4109.T,4109,ステラ　ケミファ,プライム,化学,TOPIX Small 1
410A.T,410A,ＧＭＯコマース,グロース,サービス業,-
4112.T,4112,保土谷化学工業,プライム,化学,TOPIX Small 2
4113.T,4113,田岡化学工業,スタンダード,化学,-
4114.T,4114,日本触媒,プライム,化学,TOPIX Mid400
4116.T,4116,大日精化工業,プライム,化学,TOPIX Small 2
4118.T,4118,カネカ,プライム,化学,TOPIX Mid400
4119.T,4119,日本ピグメントホールディングス,スタンダード,化学,-
4120.T,4120,スガイ化学工業,スタンダード,化学,-
4124.T,4124,大阪油化工業,スタンダード,化学,-
4125.T,4125,三和油化工業,スタンダード,化学,-
414A.T,414A,オーバーラップホールディングス,グロース,情報・通信業,-
4151.T,4151,協和キリン,プライム,医薬品,TOPIX Mid400
415A.T,415A,ＧＭＯ　ＴＥＣＨホールディングス,グロース,サービス業,-
4165.T,4165,プレイド,グロース,情報・通信業,-
4166.T,4166,かっこ,グロース,情報・通信業,-
4167.T,4167,ココペリ,グロース,情報・通信業,-
4168.T,4168,ヤプリ,グロース,情報・通信業,-
4169.T,4169,ＥＮＥＣＨＡＮＧＥ,グロース,情報・通信業,-
416A.T,416A,富士ユナイトホールディングス,スタンダード,卸売業,-
4170.T,4170,Ｋａｉｚｅｎ　Ｐｌａｔｆｏｒｍ,グロース,情報・通信業,-
4171.T,4171,グローバルインフォメーション,スタンダード,情報・通信業,-
4172.T,4172,Ｈｉクラテス,スタンダード,情報・通信業,-
4174.T,4174,アピリッツ,スタンダード,情報・通信業,-
4175.T,4175,ｃｏｌｙ,グロース,情報・通信業,-
4176.T,4176,ココナラ,グロース,情報・通信業,-
4177.T,4177,ｉ‐ｐｌｕｇ,グロース,情報・通信業,-
4178.T,4178,Ｓｈａｒｉｎｇ　Ｉｎｎｏｖａｔｉｏｎｓ,グロース,情報・通信業,-
4179.T,4179,ジーネクスト,グロース,情報・通信業,-
417A.T,417A,ブルーゾーンホールディングス,プライム,小売業,TOPIX Mid400
4180.T,4180,Ａｐｐｉｅｒ　Ｇｒｏｕｐ,プライム,情報・通信業,TOPIX Small 1
4182.T,4182,三菱瓦斯化学,プライム,化学,TOPIX Mid400
4183.T,4183,三井化学,プライム,化学,TOPIX Mid400
4186.T,4186,東京応化工業,プライム,化学,TOPIX Mid400
4187.T,4187,大阪有機化学工業,プライム,化学,TOPIX Small 1
4188.T,4188,三菱ケミカルグループ,プライム,化学,TOPIX Large70
4189.T,4189,ＫＨネオケム,プライム,化学,TOPIX Small 1
4192.T,4192,スパイダープラス,グロース,情報・通信業,-
4193.T,4193,ファブリカホールディングス,スタンダード,情報・通信業,-
4194.T,4194,ビジョナル,プライム,情報・通信業,TOPIX Mid400
4196.T,4196,ネオマーケティング,スタンダード,情報・通信業,-
4197.T,4197,アスマーク,スタンダード,情報・通信業,-
4198.T,4198,テンダ,スタンダード,情報・通信業,-
4199.T,4199,ワンダープラネット,グロース,情報・通信業,-
4202.T,4202,ダイセル,プライム,化学,TOPIX Mid400
4203.T,4203,住友ベークライト,プライム,化学,TOPIX Mid400
4204.T,4204,積水化学工業,プライム,化学,TOPIX Mid400
4205.T,4205,日本ゼオン,プライム,化学,TOPIX Mid400
4206.T,4206,アイカ工業,プライム,化学,TOPIX Mid400
4208.T,4208,ＵＢＥ,プライム,化学,TOPIX Mid400
4212.T,4212,積水樹脂,プライム,化学,TOPIX Small 1
4216.T,4216,旭有機材,プライム,化学,TOPIX Small 1
4218.T,4218,ニチバン,プライム,化学,TOPIX Small 2
421A.T,421A,ムービン・ストラテジック・キャリア,グロース,サービス業,-
4220.T,4220,リケンテクノス,プライム,化学,TOPIX Small 2
4221.T,4221,大倉工業,プライム,化学,TOPIX Small 2
4222.T,4222,児玉化学工業,スタンダード,化学,-
4224.T,4224,ロンシール工業,スタンダード,化学,-
4228.T,4228,積水化成品工業,プライム,化学,TOPIX Small 2
4229.T,4229,群栄化学工業,プライム,化学,TOPIX Small 2
4231.T,4231,タイガースポリマー,スタンダード,化学,-
4234.T,4234,サンエー化研,スタンダード,化学,-
4235.T,4235,ウルトラファブリックス・ホールディングス,スタンダード,化学,-
4237.T,4237,フジプレアム,スタンダード,化学,-
4238.T,4238,ミライアル,スタンダード,化学,-
423A.T,423A,ライオン事務器,スタンダード,卸売業,-
4240.T,4240,クラスターテクノロジー,スタンダード,化学,-
4241.T,4241,アテクト,スタンダード,化学,-
4242.T,4242,タカギセイコー,スタンダード,化学,-
4243.T,4243,ニックス,スタンダード,化学,-
4245.T,4245,ダイキアクシス,スタンダード,化学,-
4246.T,4246,ダイキョーニシカワ,プライム,化学,TOPIX Small 2
4247.T,4247,ポバール興業,スタンダード,化学,-
4248.T,4248,竹本容器,スタンダード,化学,-
4249.T,4249,森六,プライム,化学,TOPIX Small 2
4251.T,4251,恵和,プライム,化学,TOPIX Small 2
4255.T,4255,ＴＨＥＣＯＯ,グロース,情報・通信業,-
4256.T,4256,サインド,グロース,情報・通信業,-
4258.T,4258,網屋,グロース,情報・通信業,-
4259.T,4259,エクサウィザーズ,グロース,情報・通信業,-
4260.T,4260,ハイブリッドテクノロジーズ,グロース,情報・通信業,-
4261.T,4261,アジアクエスト,グロース,情報・通信業,-
4262.T,4262,ニフティライフスタイル,グロース,情報・通信業,-
4263.T,4263,サスメド,グロース,情報・通信業,-
4264.T,4264,セキュア,グロース,情報・通信業,-
4265.T,4265,Ｉｎｓｔｉｔｕｔｉｏｎ　ｆｏｒ　ａ　Ｇｌｏｂａｌ　Ｓｏｃｉｅｔｙ,グロース,情報・通信業,-
4270.T,4270,ＢｅｅＸ,グロース,情報・通信業,-
4272.T,4272,日本化薬,プライム,化学,TOPIX Mid400
4274.T,4274,細谷火工,スタンダード,化学,-
4275.T,4275,カーリット,プライム,化学,TOPIX Small 2
4284.T,4284,ソルクシーズ,スタンダード,情報・通信業,-
4286.T,4286,ＣＬホールディングス,スタンダード,サービス業,TOPIX Small 2
4287.T,4287,ジャストプランニング,スタンダード,情報・通信業,-
4288.T,4288,アズジェント,スタンダード,情報・通信業,-
428A.T,428A,サイプレス・ホールディングス,スタンダード,小売業,-
4290.T,4290,プレステージ・インターナショナル,プライム,サービス業,TOPIX Small 1
4293.T,4293,セプテーニ・ホールディングス,スタンダード,サービス業,-
4299.T,4299,ハイマックス,スタンダード,情報・通信業,TOPIX Small 2
429A.T,429A,テクセンドフォトマスク,プライム,その他製品,TOPIX Small 2
4301.T,4301,アミューズ,プライム,サービス業,TOPIX Small 2
4307.T,4307,野村総合研究所,プライム,情報・通信業,TOPIX Large70
4308.T,4308,Ｊストリーム,グロース,情報・通信業,-
4310.T,4310,ドリームインキュベータ,プライム,サービス業,TOPIX Small 2
4316.T,4316,ビーマップ,グロース,情報・通信業,-
4317.T,4317,レイ,スタンダード,サービス業,-
4318.T,4318,クイック,プライム,サービス業,TOPIX Small 2
431A.T,431A,ユーソナー,グロース,情報・通信業,-
4320.T,4320,ＣＥホールディングス,スタンダード,情報・通信業,-
4323.T,4323,日本システム技術,プライム,情報・通信業,TOPIX Small 2
4324.T,4324,電通グループ,プライム,サービス業,TOPIX Mid400
4326.T,4326,インテージホールディングス,プライム,情報・通信業,TOPIX Small 2
4331.T,4331,テイクアンドギヴ・ニーズ,プライム,サービス業,TOPIX Small 2
4334.T,4334,ユークス,スタンダード,情報・通信業,-
4335.T,4335,ＩＰＳホールディングス,スタンダード,情報・通信業,-
4337.T,4337,ぴあ,プライム,サービス業,TOPIX Small 2
4341.T,4341,西菱電機,スタンダード,サービス業,-
4343.T,4343,イオンファンタジー,プライム,サービス業,TOPIX Small 2
4344.T,4344,ソースネクスト,プライム,情報・通信業,TOPIX Small 2
4345.T,4345,シーティーエス,プライム,サービス業,TOPIX Small 2
4346.T,4346,ＮＥＸＹＺ．Ｇｒｏｕｐ,スタンダード,その他金融業,-
4347.T,4347,ブロードメディア,スタンダード,サービス業,-
4350.T,4350,メディカルシステムネットワーク,スタンダード,小売業,TOPIX Small 2
4351.T,4351,山田再生系債権回収総合事務所,スタンダード,その他金融業,-
4356.T,4356,応用技術,スタンダード,情報・通信業,-
4360.T,4360,マナック・ケミカル・パートナーズ,スタンダード,化学,-
4361.T,4361,川口化学工業,スタンダード,化学,-
4362.T,4362,日本精化,プライム,化学,TOPIX Small 2
4365.T,4365,松本油脂製薬,スタンダード,化学,-
4366.T,4366,ダイトーケミックス,スタンダード,化学,-
4367.T,4367,広栄化学,スタンダード,化学,-
4368.T,4368,扶桑化学工業,プライム,化学,TOPIX Small 1
4369.T,4369,トリケミカル研究所,プライム,化学,TOPIX Small 1
436A.T,436A,サイバーソリューションズ,グロース,情報・通信業,-
4370.T,4370,モビルス,グロース,情報・通信業,-
4371.T,4371,コアコンセプト・テクノロジー,グロース,情報・通信業,-
4372.T,4372,ユミルリンク,グロース,情報・通信業,-
4373.T,4373,シンプレクス・ホールディングス,プライム,情報・通信業,TOPIX Small 1
4374.T,4374,ＲＯＢＯＴ　ＰＡＹＭＥＮＴ,グロース,情報・通信業,-
4375.T,4375,セーフィー,グロース,情報・通信業,-
4376.T,4376,くふうカンパニーホールディングス,グロース,情報・通信業,-
4377.T,4377,ワンキャリア,グロース,情報・通信業,-
4378.T,4378,ＣＩＮＣ,グロース,情報・通信業,-
4379.T,4379,Ｐｈｏｔｏｓｙｎｔｈ,グロース,情報・通信業,-
4380.T,4380,Ｍマート,グロース,情報・通信業,-
4381.T,4381,ビープラッツ,グロース,情報・通信業,-
4382.T,4382,ＨＥＲＯＺ,スタンダード,情報・通信業,TOPIX Small 2
4385.T,4385,メルカリ,プライム,情報・通信業,TOPIX Mid400
4386.T,4386,ＳＩＧグループ,スタンダード,情報・通信業,-
4387.T,4387,ＺＵＵ,グロース,情報・通信業,-
4388.T,4388,エーアイ,スタンダード,情報・通信業,-
4389.T,4389,プロパティデータバンク,グロース,情報・通信業,-
438A.T,438A,インフキュリオン,グロース,情報・通信業,-
4390.T,4390,ＩＰＳ,プライム,情報・通信業,TOPIX Small 2
4391.T,4391,ロジザード,グロース,情報・通信業,-
4392.T,4392,ＦＩＧ,プライム,情報・通信業,-
4393.T,4393,バンク・オブ・イノベーション,グロース,情報・通信業,-
4394.T,4394,エクスモーション,グロース,情報・通信業,-
4395.T,4395,アクリート,グロース,情報・通信業,-
4396.T,4396,システムサポートホールディングス,プライム,情報・通信業,TOPIX Small 2
4397.T,4397,チームスピリット,グロース,情報・通信業,-
4398.T,4398,ブロードバンドセキュリティ,スタンダード,情報・通信業,-
4401.T,4401,ＡＤＥＫＡ,プライム,化学,TOPIX Mid400
4403.T,4403,日油,プライム,化学,TOPIX Mid400
4404.T,4404,ミヨシ油脂,スタンダード,食料品,-
4406.T,4406,新日本理化,スタンダード,化学,-
4409.T,4409,東邦化学工業,スタンダード,化学,-
4410.T,4410,ハリマ化成グループ,プライム,化学,TOPIX Small 2
4412.T,4412,サイエンスアーツ,グロース,情報・通信業,-
4413.T,4413,ボードルア,プライム,情報・通信業,TOPIX Small 2
4414.T,4414,フレクト,グロース,情報・通信業,-
4415.T,4415,ブロードエンタープライズ,グロース,情報・通信業,-
4416.T,4416,Ｔｒｕｅ　Ｄａｔａ,グロース,情報・通信業,-
4417.T,4417,グローバルセキュリティエキスパート,グロース,情報・通信業,-
4418.T,4418,ＪＤＳＣ,グロース,情報・通信業,-
4419.T,4419,Ｆｉｎａｔｅｘｔホールディングス,グロース,情報・通信業,-
441A.T,441A,ＮＥ,グロース,情報・通信業,TOPIX Small 2
4420.T,4420,イーソル,スタンダード,情報・通信業,TOPIX Small 2
4421.T,4421,ディ・アイ・システム,スタンダード,情報・通信業,-
4422.T,4422,ＶＡＬＵＥＮＥＸ,グロース,情報・通信業,-
4424.T,4424,Ａｍａｚｉａ,グロース,情報・通信業,-
4425.T,4425,Ｋｕｄａｎ,グロース,情報・通信業,-
4427.T,4427,ＥｄｕＬａｂ,グロース,情報・通信業,-
4428.T,4428,シノプス,グロース,情報・通信業,-
4429.T,4429,リックソフト,グロース,情報・通信業,-
442A.T,442A,クラシコ,グロース,繊維製品,-
4430.T,4430,東海ソフト,スタンダード,情報・通信業,-
4431.T,4431,スマレジ,グロース,情報・通信業,-
4432.T,4432,ウイングアーク１ｓｔ,プライム,情報・通信業,TOPIX Small 1
4433.T,4433,ヒト・コミュニケーションズ・ホールディングス,プライム,サービス業,TOPIX Small 2
4434.T,4434,サーバーワークス,スタンダード,情報・通信業,TOPIX Small 2
4436.T,4436,ミンカブ・ジ・インフォノイド,グロース,情報・通信業,-
4437.T,4437,ｇｏｏｄｄａｙｓホールディングス,グロース,情報・通信業,-
4438.T,4438,Ｗｅｌｂｙ,グロース,情報・通信業,-
4439.T,4439,東名,スタンダード,情報・通信業,-
4440.T,4440,ヴィッツ,スタンダード,情報・通信業,-
4441.T,4441,トビラシステムズ,スタンダード,情報・通信業,-
4442.T,4442,バルテス・ホールディングス,グロース,情報・通信業,-
4443.T,4443,Ｓａｎｓａｎ,プライム,情報・通信業,TOPIX Small 1
4444.T,4444,インフォネット,グロース,情報・通信業,-
4445.T,4445,リビン・テクノロジーズ,グロース,情報・通信業,-
4446.T,4446,Ｌｉｎｋ－Ｕグループ,プライム,情報・通信業,-
4447.T,4447,ピー・ビーシステムズ,グロース,情報・通信業,-
4448.T,4448,ｋｕｂｅｌｌ,グロース,情報・通信業,-
4450.T,4450,パワーソリューションズ,グロース,情報・通信業,-
4452.T,4452,花王,プライム,化学,TOPIX Large70
4461.T,4461,第一工業製薬,プライム,化学,TOPIX Small 2
4462.T,4462,石原ケミカル,プライム,化学,TOPIX Small 2
4463.T,4463,日華化学,スタンダード,化学,-
4464.T,4464,ソフト９９コーポレーション,スタンダード,化学,-
4465.T,4465,ニイタカ,スタンダード,化学,-
446A.T,446A,ノースサンド,グロース,サービス業,-
4471.T,4471,三洋化成工業,プライム,化学,TOPIX Small 1
4475.T,4475,ＨＥＮＮＧＥ,グロース,情報・通信業,-
4476.T,4476,ＡＩ　ＣＲＯＳＳ,グロース,情報・通信業,-
4477.T,4477,ＢＡＳＥ,グロース,情報・通信業,-
4478.T,4478,フリー,グロース,情報・通信業,-
4479.T,4479,マクアケ,グロース,情報・通信業,-
4480.T,4480,メドレー,プライム,情報・通信業,TOPIX Small 1
4481.T,4481,ベース,プライム,情報・通信業,TOPIX Small 2
4482.T,4482,ウィルズ,グロース,情報・通信業,-
4483.T,4483,ＪＭＤＣ,プライム,情報・通信業,TOPIX Small 1
4484.T,4484,ランサーズ,グロース,情報・通信業,-
4486.T,4486,ユナイトアンドグロウ,グロース,情報・通信業,-
4487.T,4487,スペースマーケット,グロース,情報・通信業,-
4488.T,4488,ＡＩ　ｉｎｓｉｄｅ,グロース,情報・通信業,-
4490.T,4490,ビザスク,グロース,情報・通信業,-
4491.T,4491,コンピューターマネージメント,スタンダード,情報・通信業,-
4492.T,4492,ゼネテック,スタンダード,情報・通信業,-
4493.T,4493,サイバーセキュリティクラウド,グロース,情報・通信業,-
4495.T,4495,アイキューブドシステムズ,グロース,情報・通信業,-
4496.T,4496,コマースＯｎｅホールディングス,グロース,情報・通信業,-
4498.T,4498,サイバートラスト,グロース,情報・通信業,-
4499.T,4499,Ｓｐｅｅｅ,スタンダード,情報・通信業,-
4502.T,4502,武田薬品工業,プライム,医薬品,TOPIX Core30
4503.T,4503,アステラス製薬,プライム,医薬品,TOPIX Large70
4506.T,4506,住友ファーマ,プライム,医薬品,TOPIX Mid400
4507.T,4507,塩野義製薬,プライム,医薬品,TOPIX Large70
4512.T,4512,わかもと製薬,スタンダード,医薬品,-
4516.T,4516,日本新薬,プライム,医薬品,TOPIX Mid400
4519.T,4519,中外製薬,プライム,医薬品,TOPIX Large70
4521.T,4521,科研製薬,プライム,医薬品,TOPIX Small 1
4523.T,4523,エーザイ,プライム,医薬品,TOPIX Mid400
4524.T,4524,森下仁丹,スタンダード,医薬品,-
4526.T,4526,理研ビタミン,プライム,食料品,TOPIX Small 2
4527.T,4527,ロート製薬,プライム,医薬品,TOPIX Mid400
4528.T,4528,小野薬品工業,プライム,医薬品,TOPIX Mid400
4531.T,4531,有機合成薬品工業,スタンダード,化学,-
4534.T,4534,持田製薬,プライム,医薬品,TOPIX Small 2
4536.T,4536,参天製薬,プライム,医薬品,TOPIX Mid400
4538.T,4538,扶桑薬品工業,プライム,医薬品,TOPIX Small 2
4539.T,4539,日本ケミファ,スタンダード,医薬品,-
4540.T,4540,ツムラ,プライム,医薬品,TOPIX Mid400
4543.T,4543,テルモ,プライム,精密機器,TOPIX Large70
4544.T,4544,Ｈ．Ｕ．グループホールディングス,プライム,サービス業,TOPIX Mid400
4547.T,4547,キッセイ薬品工業,プライム,医薬品,TOPIX Small 1
4548.T,4548,生化学工業,プライム,医薬品,TOPIX Small 2
4549.T,4549,栄研化学,プライム,医薬品,TOPIX Small 1
4552.T,4552,ＪＣＲファーマ,プライム,医薬品,TOPIX Small 1
4553.T,4553,東和薬品,プライム,医薬品,TOPIX Small 1
4554.T,4554,富士製薬工業,プライム,医薬品,TOPIX Small 2
4558.T,4558,中京医薬品,スタンダード,医薬品,-
4559.T,4559,ゼリア新薬工業,プライム,医薬品,TOPIX Small 1
4563.T,4563,アンジェス,グロース,医薬品,-
4564.T,4564,オンコセラピー・サイエンス,グロース,医薬品,-
4565.T,4565,ネクセラファーマ,プライム,医薬品,TOPIX Small 1
4568.T,4568,第一三共,プライム,医薬品,TOPIX Core30
4569.T,4569,杏林製薬,プライム,医薬品,TOPIX Small 1
456A.T,456A,ＨＵＭＡＮ　ＭＡＤＥ,グロース,小売業,-
4570.T,4570,免疫生物研究所,グロース,医薬品,-
4571.T,4571,ＮＡＮＯホールディングス,グロース,医薬品,-
4572.T,4572,カルナバイオサイエンス,グロース,医薬品,-
4574.T,4574,大幸薬品,プライム,医薬品,TOPIX Small 2
4575.T,4575,キャンバス,グロース,医薬品,-
4576.T,4576,デ・ウエスタン・セラピテクス研究所,グロース,医薬品,-
4577.T,4577,ダイト,プライム,医薬品,TOPIX Small 2
4578.T,4578,大塚ホールディングス,プライム,医薬品,TOPIX Large70
4579.T,4579,ラクオリア創薬,グロース,医薬品,-
4582.T,4582,シンバイオ製薬,グロース,医薬品,-
4583.T,4583,カイオム・バイオサイエンス,グロース,医薬品,-
4584.T,4584,キッズウェル・バイオ,グロース,医薬品,-
4586.T,4586,メドレックス,グロース,医薬品,-
4587.T,4587,ペプチドリーム,プライム,医薬品,TOPIX Mid400
4588.T,4588,オンコリスバイオファーマ,グロース,医薬品,-
4591.T,4591,リボミック,グロース,医薬品,-
4592.T,4592,サンバイオ,グロース,医薬品,-
4593.T,4593,ヘリオス,グロース,医薬品,-
4594.T,4594,ブライトパス・バイオ,グロース,医薬品,-
4595.T,4595,ミズホメディー,スタンダード,医薬品,-
4596.T,4596,窪田製薬ホールディングス,グロース,医薬品,-
4597.T,4597,ソレイジア・ファーマ,グロース,医薬品,-
4598.T,4598,Ｄｅｌｔａ－Ｆｌｙ　Ｐｈａｒｍａ,グロース,医薬品,-
4599.T,4599,ステムリム,グロース,医薬品,-
460A.T,460A,ＢＲＡＮＵ,グロース,情報・通信業,-
4611.T,4611,大日本塗料,プライム,化学,TOPIX Small 2
4612.T,4612,日本ペイントホールディングス,プライム,化学,TOPIX Mid400
4613.T,4613,関西ペイント,プライム,化学,TOPIX Mid400
4615.T,4615,神東塗料,スタンダード,化学,-
4616.T,4616,川上塗料,スタンダード,化学,-
4617.T,4617,中国塗料,プライム,化学,TOPIX Small 1
4619.T,4619,日本特殊塗料,スタンダード,化学,-
4620.T,4620,藤倉化成,スタンダード,化学,TOPIX Small 2
4623.T,4623,アサヒペン,スタンダード,化学,-
4624.T,4624,イサム塗料,スタンダード,化学,-
4625.T,4625,アトミクス,スタンダード,化学,-
4626.T,4626,太陽ホールディングス,プライム,化学,TOPIX Mid400
4627.T,4627,ナトコ,スタンダード,化学,-
4628.T,4628,エスケー化研,スタンダード,化学,-
4629.T,4629,大伸化学,スタンダード,化学,-
462A.T,462A,ＦＵＮＤＩＮＮＯ,グロース,証券、商品先物取引業,-
4631.T,4631,ＤＩＣ,プライム,化学,TOPIX Mid400
4633.T,4633,サカタインクス,プライム,化学,TOPIX Small 1
4634.T,4634,ａｒｔｉｅｎｃｅ,プライム,化学,TOPIX Small 1
4635.T,4635,東京インキ,スタンダード,化学,-
463A.T,463A,インテリックスホールディングス,スタンダード,不動産業,-
4641.T,4641,アルプス技研,プライム,サービス業,TOPIX Small 2
4642.T,4642,オリジナル設計,スタンダード,サービス業,-
4644.T,4644,イマジニア,スタンダード,情報・通信業,-
4645.T,4645,市進ホールディングス,スタンダード,サービス業,-
464A.T,464A,ＱＰＳホールディングス,グロース,情報・通信業,-
4650.T,4650,ＳＤエンターテイメント,スタンダード,サービス業,-
4651.T,4651,サニックスホールディングス,スタンダード,サービス業,TOPIX Small 2
4657.T,4657,環境管理センター,スタンダード,サービス業,-
4658.T,4658,日本空調サービス,プライム,サービス業,TOPIX Small 2
4661.T,4661,オリエンタルランド,プライム,サービス業,TOPIX Large70
4662.T,4662,フォーカスシステムズ,プライム,情報・通信業,TOPIX Small 2
4664.T,4664,アール・エス・シー,スタンダード,サービス業,-
4665.T,4665,ダスキン,プライム,サービス業,TOPIX Mid400
4666.T,4666,パーク２４,プライム,不動産業,TOPIX Mid400
4667.T,4667,アイサンテクノロジー,スタンダード,情報・通信業,-
4668.T,4668,明光ネットワークジャパン,プライム,サービス業,TOPIX Small 2
4671.T,4671,ファルコホールディングス,スタンダード,サービス業,TOPIX Small 2
4673.T,4673,川崎地質,スタンダード,サービス業,-
4674.T,4674,クレスコ,プライム,情報・通信業,TOPIX Small 2
4676.T,4676,フジ・メディア・ホールディングス,プライム,情報・通信業,TOPIX Mid400
4678.T,4678,秀英予備校,スタンダード,サービス業,-
4679.T,4679,田谷,スタンダード,サービス業,-
4680.T,4680,ラウンドワン,プライム,サービス業,TOPIX Mid400
4681.T,4681,リゾートトラスト,プライム,サービス業,TOPIX Mid400
4684.T,4684,オービック,プライム,情報・通信業,TOPIX Mid400
4685.T,4685,菱友システムズ,スタンダード,情報・通信業,-
4686.T,4686,ジャストシステム,プライム,情報・通信業,TOPIX Small 1
4687.T,4687,ＴＤＣソフト,プライム,情報・通信業,TOPIX Small 2
4689.T,4689,ＬＩＮＥヤフー,プライム,情報・通信業,TOPIX Large70
4691.T,4691,ワシントンホテル,スタンダード,サービス業,-
4694.T,4694,ビー・エム・エル,プライム,サービス業,TOPIX Small 1
469A.T,469A,フィットクルー,グロース,サービス業,-
4704.T,4704,トレンドマイクロ,プライム,情報・通信業,TOPIX Mid400
4705.T,4705,クリップコーポレーション,スタンダード,サービス業,-
4707.T,4707,キタック,スタンダード,サービス業,-
4709.T,4709,ＩＤホールディングス,プライム,情報・通信業,TOPIX Small 2
4712.T,4712,ＫｅｙＨｏｌｄｅｒ,スタンダード,サービス業,-
4714.T,4714,リソー教育グループ,プライム,サービス業,TOPIX Small 2
4716.T,4716,日本オラクル,スタンダード,情報・通信業,TOPIX Mid400
4718.T,4718,早稲田アカデミー,プライム,サービス業,TOPIX Small 2
4719.T,4719,アルファシステムズ,プライム,情報・通信業,TOPIX Small 2
471A.T,471A,ＮＳグループ,プライム,その他金融業,TOPIX Small 2
4720.T,4720,城南進学研究社,スタンダード,サービス業,-
4722.T,4722,フューチャー,プライム,情報・通信業,TOPIX Small 1
4725.T,4725,ＣＡＣ　Ｈｏｌｄｉｎｇｓ,プライム,情報・通信業,TOPIX Small 2
4728.T,4728,トーセ,スタンダード,情報・通信業,-
472A.T,472A,ミラティブ,グロース,情報・通信業,-
4732.T,4732,ユー・エス・エス,プライム,サービス業,TOPIX Mid400
4733.T,4733,オービックビジネスコンサルタント,プライム,情報・通信業,TOPIX Mid400
4735.T,4735,京進,スタンダード,サービス業,-
4736.T,4736,日本ラッド,スタンダード,情報・通信業,-
4743.T,4743,アイティフォー,プライム,情報・通信業,TOPIX Small 2
4746.T,4746,東計電算,スタンダード,情報・通信業,TOPIX Small 2
4750.T,4750,ダイサン,スタンダード,サービス業,-
4751.T,4751,サイバーエージェント,プライム,サービス業,TOPIX Mid400
4752.T,4752,昭和システムエンジニアリング,スタンダード,情報・通信業,-
4754.T,4754,トスネット,スタンダード,サービス業,-
4755.T,4755,楽天グループ,プライム,サービス業,TOPIX Mid400
475A.T,475A,ギミック,スタンダード,サービス業,-
4760.T,4760,アルファ,スタンダード,サービス業,-
4761.T,4761,さくらケーシーエス,スタンダード,情報・通信業,-
4762.T,4762,エックスネット,スタンダード,情報・通信業,-
4763.T,4763,クリーク・アンド・リバー社,プライム,サービス業,TOPIX Small 2
4765.T,4765,ＳＢＩグローバルアセットマネジメント,プライム,サービス業,TOPIX Small 2
4766.T,4766,ピーエイ,スタンダード,サービス業,-
4767.T,4767,テー・オー・ダブリュー,スタンダード,サービス業,TOPIX Small 2
4768.T,4768,大塚商会,プライム,情報・通信業,TOPIX Mid400
4769.T,4769,ＩＣ,スタンダード,情報・通信業,-
476A.T,476A,辻・本郷ＩＴコンサルティング,スタンダード,情報・通信業,-
4771.T,4771,エフアンドエム,スタンダード,サービス業,-
4772.T,4772,ＳＭ　ＥＮＴＥＲＴＡＩＮＭＥＮＴ　ＪＡＰＡＮ,グロース,情報・通信業,-
4776.T,4776,サイボウズ,プライム,情報・通信業,TOPIX Small 1
4777.T,4777,ガーラ,スタンダード,情報・通信業,-
477A.T,477A,スタートライン,グロース,サービス業,-
4783.T,4783,ＮＣＤ,スタンダード,情報・通信業,-
4784.T,4784,ＧＭＯインターネット,プライム,サービス業,TOPIX Small 2
478A.T,478A,フツパー,グロース,情報・通信業,-
4792.T,4792,山田コンサルティンググループ,プライム,サービス業,TOPIX Small 2
479A.T,479A,ＰＲＯＮＩ,グロース,情報・通信業,-
4800.T,4800,オリコン,スタンダード,情報・通信業,-
4801.T,4801,セントラルスポーツ,プライム,サービス業,TOPIX Small 2
4809.T,4809,パラカ,プライム,不動産業,TOPIX Small 2
480A.T,480A,リブ・コンサルティング,グロース,サービス業,-
4811.T,4811,ドリーム・アーツ,グロース,情報・通信業,-
4812.T,4812,電通総研,プライム,情報・通信業,TOPIX Small 1
4813.T,4813,ＡＣＣＥＳＳ,プライム,情報・通信業,-
4814.T,4814,ネクストウェア,スタンダード,情報・通信業,-
4816.T,4816,東映アニメーション,スタンダード,情報・通信業,-
4819.T,4819,デジタルガレージ,プライム,情報・通信業,TOPIX Small 1
4820.T,4820,イーエムシステムズ,プライム,情報・通信業,TOPIX Small 2
4825.T,4825,ウェザーニューズ,プライム,情報・通信業,TOPIX Small 1
4826.T,4826,ＣＩＪ,プライム,情報・通信業,TOPIX Small 2
4828.T,4828,ビジネスエンジニアリング,プライム,情報・通信業,TOPIX Small 2
4829.T,4829,日本エンタープライズ,スタンダード,情報・通信業,-
4832.T,4832,ＪＦＥシステムズ,スタンダード,情報・通信業,-
4833.T,4833,Ｄｅｆ　ｃｏｎｓｕｌｔｉｎｇ,グロース,サービス業,-
4838.T,4838,スペースシャワーＳＫＩＹＡＫＩホールディングス,スタンダード,情報・通信業,-
4839.T,4839,ＷＯＷＯＷ,プライム,情報・通信業,TOPIX Small 2
483A.T,483A,テラテクノロジー,スタンダード,情報・通信業,-
4840.T,4840,トライアイズ,スタンダード,サービス業,-
4845.T,4845,スカラ,スタンダード,情報・通信業,TOPIX Small 2
4847.T,4847,インテリジェント　ウェイブ,プライム,情報・通信業,-
4848.T,4848,フルキャストホールディングス,プライム,サービス業,TOPIX Small 2
4849.T,4849,エン,プライム,サービス業,TOPIX Small 1
485A.T,485A,パワーエックス,グロース,電気機器,-
4880.T,4880,セルソース,スタンダード,医薬品,TOPIX Small 2
4881.T,4881,ファンペップ,グロース,医薬品,-
4882.T,4882,ペルセウスプロテオミクス,グロース,医薬品,-
4883.T,4883,モダリス,グロース,医薬品,-
4884.T,4884,クリングルファーマ,グロース,医薬品,-
4885.T,4885,室町ケミカル,スタンダード,医薬品,-
4886.T,4886,あすか製薬ホールディングス,プライム,医薬品,TOPIX Small 2
4887.T,4887,サワイグループホールディングス,プライム,医薬品,TOPIX Mid400
4888.T,4888,ステラファーマ,グロース,医薬品,-
4889.T,4889,レナサイエンス,グロース,医薬品,-
4890.T,4890,坪田ラボ,グロース,医薬品,-
4891.T,4891,ティムス,グロース,医薬品,-
4892.T,4892,サイフューズ,グロース,医薬品,-
4893.T,4893,ノイルイミューン・バイオテック,グロース,医薬品,-
4894.T,4894,クオリプス,グロース,医薬品,-
4896.T,4896,ケイファーマ,グロース,医薬品,-
4901.T,4901,富士フイルムホールディングス,プライム,化学,TOPIX Large70
4902.T,4902,コニカミノルタ,プライム,電気機器,TOPIX Mid400
4911.T,4911,資生堂,プライム,化学,TOPIX Mid400
4912.T,4912,ライオン,プライム,化学,TOPIX Mid400
4914.T,4914,高砂香料工業,プライム,化学,TOPIX Small 1
4918.T,4918,アイビー化粧品,スタンダード,化学,-
4919.T,4919,ミルボン,プライム,化学,TOPIX Small 1
4920.T,4920,日本色材工業研究所,スタンダード,化学,-
4922.T,4922,コーセーホールディングス,プライム,化学,TOPIX Mid400
4923.T,4923,コタ,プライム,化学,TOPIX Small 2
4925.T,4925,ハーバー研究所,スタンダード,化学,-
4926.T,4926,シーボン,スタンダード,化学,-
4927.T,4927,ポーラ・オルビスホールディングス,プライム,化学,TOPIX Mid400
4928.T,4928,ノエビアホールディングス,プライム,化学,TOPIX Small 1
4929.T,4929,アジュバンホールディングス,スタンダード,化学,-
4931.T,4931,新日本製薬,プライム,化学,TOPIX Small 2
4932.T,4932,アルマード,スタンダード,化学,-
4933.T,4933,Ｉ－ｎｅ,プライム,化学,TOPIX Small 2
4934.T,4934,プレミアアンチエイジング,グロース,化学,-
4935.T,4935,リベルタ,スタンダード,化学,-
4936.T,4936,アクシージア,スタンダード,化学,TOPIX Small 2
4937.T,4937,Ｗａｑｏｏ,グロース,化学,-
4951.T,4951,エステー,プライム,化学,TOPIX Small 2
4956.T,4956,コニシ,プライム,化学,TOPIX Small 2
4958.T,4958,長谷川香料,プライム,化学,TOPIX Small 1
4960.T,4960,ケミプロ化成,スタンダード,化学,-
4966.T,4966,上村工業,スタンダード,化学,-
4967.T,4967,小林製薬,プライム,化学,TOPIX Mid400
4968.T,4968,荒川化学工業,プライム,化学,TOPIX Small 2
4970.T,4970,東洋合成工業,スタンダード,化学,-
4971.T,4971,メック,プライム,化学,TOPIX Small 1
4972.T,4972,綜研化学,スタンダード,化学,-
4973.T,4973,日本高純度化学,プライム,化学,TOPIX Small 2
4975.T,4975,ＪＣＵ,プライム,化学,TOPIX Small 1
4976.T,4976,東洋ドライルーブ,スタンダード,化学,-
4977.T,4977,新田ゼラチン,スタンダード,化学,-
4978.T,4978,リプロセル,グロース,化学,-
4979.T,4979,ＯＡＴアグリオ,スタンダード,化学,TOPIX Small 2
4980.T,4980,デクセリアルズ,プライム,化学,TOPIX Mid400
4985.T,4985,アース製薬,プライム,化学,TOPIX Small 1
4990.T,4990,昭和化学工業,スタンダード,化学,-
4992.T,4992,北興化学工業,スタンダード,化学,TOPIX Small 2
4994.T,4994,大成ラミックグループ,スタンダード,化学,TOPIX Small 2
4996.T,4996,クミアイ化学工業,プライム,化学,TOPIX Small 1
4997.T,4997,日本農薬,プライム,化学,TOPIX Small 2
4998.T,4998,フマキラー,スタンダード,化学,-
500A.T,500A,ＴＯブックス,スタンダード,情報・通信業,-
5010.T,5010,日本精蝋,スタンダード,石油・石炭製品,-
5011.T,5011,ニチレキグループ,プライム,石油・石炭製品,TOPIX Small 2
5013.T,5013,ユシロ,スタンダード,石油・石炭製品,TOPIX Small 2
5015.T,5015,ビーピー・カストロール,スタンダード,石油・石炭製品,-
5016.T,5016,ＪＸ金属,プライム,非鉄金属,TOPIX Mid400
5018.T,5018,ＭＯＲＥＳＣＯ,スタンダード,石油・石炭製品,-
5019.T,5019,出光興産,プライム,石油・石炭製品,TOPIX Mid400
5020.T,5020,ＥＮＥＯＳホールディングス,プライム,石油・石炭製品,TOPIX Large70
5021.T,5021,コスモエネルギーホールディングス,プライム,石油・石炭製品,TOPIX Mid400
5025.T,5025,マーキュリー,グロース,情報・通信業,-
5026.T,5026,トリプルアイズ,グロース,情報・通信業,-
5027.T,5027,ＡｎｙＭｉｎｄ　Ｇｒｏｕｐ,グロース,情報・通信業,-
5028.T,5028,セカンドサイトアナリティカ,グロース,情報・通信業,-
5029.T,5029,サークレイス,グロース,情報・通信業,-
5031.T,5031,モイ,グロース,情報・通信業,-
5032.T,5032,ＡＮＹＣＯＬＯＲ,プライム,情報・通信業,TOPIX Small 1
5033.T,5033,ヌーラボ,グロース,情報・通信業,-
5034.T,5034,ｕｎｅｒｒｙ,グロース,情報・通信業,-
5035.T,5035,ＨＯＵＳＥＩ,グロース,情報・通信業,-
5036.T,5036,日本ビジネスシステムズ,プライム,情報・通信業,TOPIX Small 2
5038.T,5038,ｅＷｅＬＬ,グロース,情報・通信業,-
504A.T,504A,イノバセル,グロース,医薬品,-
505A.T,505A,ギークリー,スタンダード,サービス業,-
5071.T,5071,ヴィス,スタンダード,サービス業,-
5074.T,5074,テスホールディングス,プライム,建設業,TOPIX Small 2
5076.T,5076,インフロニア・ホールディングス,プライム,建設業,TOPIX Mid400
50765.T,50765,インフロニア・ホールディングス第１回社債型種類株式,プライム,建設業,-
5078.T,5078,セレコーポレーション,スタンダード,建設業,-
5079.T,5079,ノバック,スタンダード,建設業,-
5101.T,5101,横浜ゴム,プライム,ゴム製品,TOPIX Mid400
5103.T,5103,昭和ホールディングス,スタンダード,ゴム製品,-
5105.T,5105,ＴＯＹＯ　ＴＩＲＥ,プライム,ゴム製品,TOPIX Mid400
5108.T,5108,ブリヂストン,プライム,ゴム製品,TOPIX Large70
5110.T,5110,住友ゴム工業,プライム,ゴム製品,TOPIX Mid400
5121.T,5121,藤倉コンポジット,プライム,ゴム製品,TOPIX Small 2
5122.T,5122,オカモト,プライム,ゴム製品,TOPIX Small 2
5125.T,5125,ファインズ,グロース,情報・通信業,-
5126.T,5126,ポーターズ,グロース,情報・通信業,-
5129.T,5129,ＦＩＸＥＲ,グロース,情報・通信業,-
5131.T,5131,リンカーズ,グロース,情報・通信業,-
5132.T,5132,ｐｌｕｓｚｅｒｏ,グロース,情報・通信業,-
5133.T,5133,テリロジーホールディングス,スタンダード,情報・通信業,-
5134.T,5134,ＰＯＰＥＲ,グロース,情報・通信業,-
5136.T,5136,ｔｒｉｐｌａ,グロース,情報・通信業,-
5137.T,5137,スマートドライブ,グロース,情報・通信業,-
5138.T,5138,Ｒｅｂａｓｅ,グロース,情報・通信業,-
5139.T,5139,オープンワーク,グロース,情報・通信業,-
5142.T,5142,アキレス,プライム,化学,TOPIX Small 2
5161.T,5161,西川ゴム工業,スタンダード,ゴム製品,-
5162.T,5162,朝日ラバー,スタンダード,ゴム製品,-
5184.T,5184,ニチリン,スタンダード,ゴム製品,-
5185.T,5185,フコク,プライム,ゴム製品,TOPIX Small 2
5186.T,5186,ニッタ,プライム,ゴム製品,TOPIX Small 2
5187.T,5187,クリエートメディック,スタンダード,精密機器,-
5189.T,5189,櫻護謨,スタンダード,ゴム製品,-
5192.T,5192,三ツ星ベルト,プライム,ゴム製品,TOPIX Small 1
5194.T,5194,相模ゴム工業,スタンダード,ゴム製品,-
5195.T,5195,バンドー化学,プライム,ゴム製品,TOPIX Small 2
5199.T,5199,不二ラテックス,スタンダード,ゴム製品,-
519A.T,519A,ベーシック,グロース,情報・通信業,-
5201.T,5201,ＡＧＣ,プライム,ガラス・土石製品,TOPIX Mid400
5202.T,5202,日本板硝子,プライム,ガラス・土石製品,TOPIX Small 1
5204.T,5204,石塚硝子,スタンダード,ガラス・土石製品,-
5208.T,5208,有沢製作所,プライム,化学,TOPIX Small 1
520A.T,520A,ジェイファーマ,グロース,医薬品,-
5210.T,5210,日本山村硝子,スタンダード,ガラス・土石製品,-
5214.T,5214,日本電気硝子,プライム,ガラス・土石製品,TOPIX Mid400
5216.T,5216,倉元製作所,スタンダード,ガラス・土石製品,-
5218.T,5218,オハラ,スタンダード,ガラス・土石製品,TOPIX Small 2
5232.T,5232,住友大阪セメント,プライム,ガラス・土石製品,TOPIX Mid400
5233.T,5233,太平洋セメント,プライム,ガラス・土石製品,TOPIX Mid400
5237.T,5237,ノザワ,スタンダード,ガラス・土石製品,-
523A.T,523A,セイワホールディングス,グロース,金属製品,-
5240.T,5240,ｍｏｎｏＡＩ　ｔｅｃｈｎｏｌｏｇｙ,グロース,情報・通信業,-
5242.T,5242,アイズ,グロース,情報・通信業,-
5243.T,5243,ｎｏｔｅ,グロース,情報・通信業,-
5244.T,5244,ｊｉｇ．ｊｐ,グロース,情報・通信業,-
5246.T,5246,ＥＬＥＭＥＮＴＳ,グロース,情報・通信業,-
5247.T,5247,ＢＴＭ,グロース,情報・通信業,-
5248.T,5248,テクノロジーズ,グロース,情報・通信業,-
5250.T,5250,ＧＭＯプライム・ストラテジー,スタンダード,情報・通信業,-
5252.T,5252,日本ナレッジ,グロース,情報・通信業,-
5253.T,5253,カバー,グロース,情報・通信業,-
5254.T,5254,Ａｒｅｎｔ,グロース,情報・通信業,-
5255.T,5255,モンスターラボ,グロース,情報・通信業,-
5256.T,5256,Ｆｕｓｉｃ,グロース,情報・通信業,-
5257.T,5257,ノバシステム,スタンダード,情報・通信業,-
5258.T,5258,トランザクション・メディア・ネットワークス,グロース,情報・通信業,-
5261.T,5261,リソルホールディングス,プライム,サービス業,-
5262.T,5262,日本ヒューム,プライム,ガラス・土石製品,TOPIX Small 1
5268.T,5268,旭コンクリート工業,スタンダード,ガラス・土石製品,-
5269.T,5269,日本コンクリート工業,プライム,ガラス・土石製品,TOPIX Small 2
5271.T,5271,トーヨーアサノ,スタンダード,ガラス・土石製品,-
5273.T,5273,三谷セキサン,スタンダード,ガラス・土石製品,TOPIX Small 2
5279.T,5279,日本興業,スタンダード,ガラス・土石製品,-
5280.T,5280,ヨシコン,スタンダード,不動産業,-
5282.T,5282,ジオスター,スタンダード,ガラス・土石製品,-
5283.T,5283,高見澤,スタンダード,卸売業,-
5284.T,5284,ヤマウホールディングス,スタンダード,ガラス・土石製品,-
5285.T,5285,ヤマックス,スタンダード,ガラス・土石製品,-
5287.T,5287,イトーヨーギョー,スタンダード,ガラス・土石製品,-
5288.T,5288,アジアパイルホールディングス,プライム,ガラス・土石製品,TOPIX Small 2
5290.T,5290,ベルテクスコーポレーション,スタンダード,ガラス・土石製品,-
5301.T,5301,東海カーボン,プライム,ガラス・土石製品,TOPIX Mid400
5302.T,5302,日本カーボン,プライム,ガラス・土石製品,TOPIX Small 1
5304.T,5304,ＳＥＣカーボン,スタンダード,ガラス・土石製品,-
5310.T,5310,東洋炭素,プライム,ガラス・土石製品,TOPIX Small 1
5331.T,5331,ノリタケ,プライム,ガラス・土石製品,TOPIX Small 1
5332.T,5332,ＴＯＴＯ,プライム,ガラス・土石製品,TOPIX Mid400
5333.T,5333,ＮＧＫ,プライム,ガラス・土石製品,TOPIX Mid400
5334.T,5334,日本特殊陶業,プライム,ガラス・土石製品,TOPIX Mid400
5337.T,5337,ダントーホールディングス,スタンダード,ガラス・土石製品,-
5341.T,5341,ＡＳＡＨＩ　ＥＩＴＯホールディングス,スタンダード,ガラス・土石製品,-
5344.T,5344,ＭＡＲＵＷＡ,プライム,ガラス・土石製品,TOPIX Mid400
5351.T,5351,品川リフラ,プライム,ガラス・土石製品,TOPIX Small 1
5355.T,5355,日本坩堝,スタンダード,ガラス・土石製品,-
5356.T,5356,美濃窯業,スタンダード,ガラス・土石製品,-
5357.T,5357,ヨータイ,プライム,ガラス・土石製品,TOPIX Small 2
5363.T,5363,東京窯業,スタンダード,ガラス・土石製品,-
5367.T,5367,ニッカトー,スタンダード,ガラス・土石製品,-
5368.T,5368,日本インシュレーション,スタンダード,ガラス・土石製品,-
5380.T,5380,新東,スタンダード,ガラス・土石製品,-
5381.T,5381,マイポックス,スタンダード,ガラス・土石製品,-
5384.T,5384,フジミインコーポレーテッド,プライム,ガラス・土石製品,TOPIX Small 1
5388.T,5388,クニミネ工業,スタンダード,ガラス・土石製品,-
5391.T,5391,エーアンドエーマテリアル,スタンダード,ガラス・土石製品,-
5393.T,5393,ニチアス,プライム,ガラス・土石製品,TOPIX Mid400
5401.T,5401,日本製鉄,プライム,鉄鋼,TOPIX Large70
5406.T,5406,神戸製鋼所,プライム,鉄鋼,TOPIX Mid400
5408.T,5408,中山製鋼所,プライム,鉄鋼,TOPIX Small 2
5410.T,5410,合同製鐵,プライム,鉄鋼,TOPIX Small 1
5411.T,5411,ＪＦＥホールディングス,プライム,鉄鋼,TOPIX Mid400
5423.T,5423,東京製鐵,プライム,鉄鋼,TOPIX Small 1
542A.T,542A,ビタブリッドジャパン,グロース,化学,-
543A.T,543A,ＡＲＣＨＩＯＮ,プライム,輸送用機器,TOPIX Small 1
5440.T,5440,共英製鋼,プライム,鉄鋼,TOPIX Small 1
5444.T,5444,大和工業,プライム,鉄鋼,TOPIX Mid400
5445.T,5445,東京鐵鋼,プライム,鉄鋼,TOPIX Small 1
5446.T,5446,北越メタル,スタンダード,鉄鋼,-
5449.T,5449,大阪製鐵,スタンダード,鉄鋼,TOPIX Small 2
544A.T,544A,ＧＭＳグループ,プライム,機械,TOPIX Small 2
5451.T,5451,ヨドコウ,プライム,鉄鋼,TOPIX Small 1
5458.T,5458,高砂鐵工,スタンダード,鉄鋼,-
545A.T,545A,トランヴィア,プライム,情報・通信業,TOPIX Small 2
5461.T,5461,中部鋼鈑,プライム,鉄鋼,TOPIX Small 1
5463.T,5463,丸一鋼管,プライム,鉄鋼,TOPIX Mid400
5464.T,5464,モリ工業,スタンダード,鉄鋼,TOPIX Small 2
546A.T,546A,ＭＩＲＡＩＮＩホールディングス,プライム,卸売業,TOPIX Small 2
5471.T,5471,大同特殊鋼,プライム,鉄鋼,TOPIX Mid400
547A.T,547A,ムニノバホールディングス,プライム,その他金融業,TOPIX Small 1
5480.T,5480,日本冶金工業,プライム,鉄鋼,TOPIX Small 1
5482.T,5482,愛知製鋼,プライム,鉄鋼,TOPIX Small 1
5484.T,5484,東北特殊鋼,スタンダード,鉄鋼,-
548A.T,548A,システムエグゼ,スタンダード,情報・通信業,-
5491.T,5491,日本金属,スタンダード,鉄鋼,-
549A.T,549A,ヒトトヒトホールディングス,スタンダード,サービス業,-
550A.T,550A,ソフトテックス,スタンダード,情報・通信業,-
5527.T,5527,ｐｒｏｐｅｒｔｙ　ｔｅｃｈｎｏｌｏｇｉｅｓ,グロース,不動産業,-
5532.T,5532,リアルゲイト,グロース,不動産業,-
5533.T,5533,エリッツホールディングス,スタンダード,不動産業,-
5535.T,5535,ミガロホールディングス,プライム,不動産業,-
5537.T,5537,ＡｌｂａＬｉｎｋ,グロース,不動産業,-
5541.T,5541,大平洋金属,プライム,鉄鋼,TOPIX Small 2
5542.T,5542,新報国マテリアル,スタンダード,鉄鋼,-
554A.T,554A,バトンズ,グロース,情報・通信業,-
5563.T,5563,新日本電工,プライム,鉄鋼,TOPIX Small 1
556A.T,556A,犬猫生活,グロース,小売業,-
5570.T,5570,ジェノバ,グロース,情報・通信業,-
5571.T,5571,エキサイトホールディングス,スタンダード,情報・通信業,-
5572.T,5572,Ｒｉｄｇｅ－ｉ,グロース,情報・通信業,-
5574.T,5574,ＡＢＥＪＡ,グロース,情報・通信業,-
5575.T,5575,Ｇｌｏｂｅｅ,グロース,情報・通信業,-
5576.T,5576,オービーシステム,スタンダード,情報・通信業,-
5578.T,5578,ＡＲアドバンストテクノロジ,グロース,情報・通信業,-
5580.T,5580,プロディライト,グロース,情報・通信業,-
5582.T,5582,グリッド,グロース,情報・通信業,-
5586.T,5586,Ｌａｂｏｒｏ．ＡＩ,グロース,情報・通信業,-
5587.T,5587,インバウンドプラットフォーム,グロース,情報・通信業,-
5588.T,5588,ファーストアカウンティング,グロース,情報・通信業,-
5589.T,5589,オートサーバー,スタンダード,情報・通信業,-
558A.T,558A,ＳＱＵＥＥＺＥ,グロース,サービス業,-
5590.T,5590,ネットスターズ,グロース,情報・通信業,-
5591.T,5591,ＡＶＩＬＥＮ,グロース,情報・通信業,-
5592.T,5592,くすりの窓口,グロース,情報・通信業,-
5597.T,5597,ブルーイノベーション,グロース,情報・通信業,-
5599.T,5599,Ｓ＆Ｊ,グロース,情報・通信業,-
559A.T,559A,梅乃宿酒造,スタンダード,食料品,-
5602.T,5602,栗本鐵工所,プライム,鉄鋼,TOPIX Small 1
5603.T,5603,虹技,スタンダード,鉄鋼,-
5609.T,5609,日本鋳造,スタンダード,鉄鋼,-
5612.T,5612,日本鋳鉄管,スタンダード,鉄鋼,-
5616.T,5616,雨風太陽,グロース,情報・通信業,-
5618.T,5618,ナイル,グロース,情報・通信業,-
5619.T,5619,マーソ,グロース,情報・通信業,-
5621.T,5621,ヒューマンテクノロジーズ,グロース,情報・通信業,-
5631.T,5631,日本製鋼所,プライム,機械,TOPIX Mid400
5632.T,5632,三菱製鋼,プライム,鉄鋼,TOPIX Small 2
5644.T,5644,メタルアート,スタンダード,鉄鋼,-
5658.T,5658,日亜鋼業,スタンダード,鉄鋼,-
5659.T,5659,日本精線,プライム,鉄鋼,TOPIX Small 2
5660.T,5660,神鋼鋼線工業,スタンダード,鉄鋼,-
5695.T,5695,パウダーテック,スタンダード,鉄鋼,-
5697.T,5697,サンユウ,スタンダード,鉄鋼,-
5698.T,5698,エンビプロ・ホールディングス,スタンダード,鉄鋼,TOPIX Small 2
5699.T,5699,イボキン,スタンダード,鉄鋼,-
5702.T,5702,大紀アルミニウム工業所,プライム,非鉄金属,TOPIX Small 1
5703.T,5703,日本軽金属ホールディングス,プライム,非鉄金属,TOPIX Small 1
5704.T,5704,ＪＭＣ,グロース,非鉄金属,-
5706.T,5706,三井金属,プライム,非鉄金属,TOPIX Mid400
5707.T,5707,東邦亜鉛,プライム,非鉄金属,TOPIX Small 2
5711.T,5711,三菱マテリアル,プライム,非鉄金属,TOPIX Mid400
5713.T,5713,住友金属鉱山,プライム,非鉄金属,TOPIX Mid400
5714.T,5714,ＤＯＷＡホールディングス,プライム,非鉄金属,TOPIX Mid400
5715.T,5715,古河機械金属,プライム,非鉄金属,TOPIX Small 1
5721.T,5721,エスクリプトエナジー,スタンダード,非鉄金属,-
5724.T,5724,アサカ理研,スタンダード,非鉄金属,-
5726.T,5726,大阪チタニウムテクノロジーズ,プライム,非鉄金属,TOPIX Small 1
5729.T,5729,日本精鉱,スタンダード,非鉄金属,-
5741.T,5741,ＵＡＣＪ,プライム,非鉄金属,TOPIX Small 1
5742.T,5742,エヌアイシ・オートテック,スタンダード,非鉄金属,-
5753.T,5753,日本伸銅,スタンダード,非鉄金属,-
5757.T,5757,ＣＫサンエツ,プライム,非鉄金属,TOPIX Small 2
575A.T,575A,前澤ホールディングス,プライム,機械,TOPIX Small 2
5801.T,5801,古河電気工業,プライム,非鉄金属,TOPIX Mid400
5802.T,5802,住友電気工業,プライム,非鉄金属,TOPIX Large70
5803.T,5803,フジクラ,プライム,非鉄金属,TOPIX Large70
5805.T,5805,ＳＷＣＣ,プライム,非鉄金属,TOPIX Small 1
5816.T,5816,オーナンバ,スタンダード,非鉄金属,-
5817.T,5817,ＪＭＡＣＳ,スタンダード,非鉄金属,-
5819.T,5819,カナレ電気,スタンダード,非鉄金属,-
581A.T,581A,ＧＯ,グロース,情報・通信業,-
5820.T,5820,三ッ星,スタンダード,非鉄金属,-
5821.T,5821,平河ヒューテック,プライム,非鉄金属,TOPIX Small 2
5830.T,5830,いよぎんホールディングス,プライム,銀行業,TOPIX Mid400
5831.T,5831,しずおかフィナンシャルグループ,プライム,銀行業,TOPIX Mid400
5832.T,5832,ちゅうぎんフィナンシャルグループ,プライム,銀行業,TOPIX Mid400
5834.T,5834,ＳＢＩリーシングサービス,グロース,証券、商品先物取引業,-
5838.T,5838,楽天銀行,プライム,銀行業,TOPIX Mid400
5842.T,5842,インテグラル,グロース,証券、商品先物取引業,-
5843.T,5843,ニッポンインシュア,スタンダード,その他金融業,-
5844.T,5844,京都フィナンシャルグループ,プライム,銀行業,TOPIX Mid400
5845.T,5845,全保連,スタンダード,その他金融業,-
584A.T,584A,ＬｉＮＫＸ,グロース,情報・通信業,-
5851.T,5851,リョービ,プライム,非鉄金属,TOPIX Small 1
5852.T,5852,アーレスティ,プライム,非鉄金属,-
5857.T,5857,ＡＲＥホールディングス,プライム,非鉄金属,TOPIX Small 1
5858.T,5858,ＳＴＧ,グロース,非鉄金属,-
5867.T,5867,エスネットワークス,グロース,サービス業,-
5868.T,5868,ロココ,スタンダード,サービス業,-
5869.T,5869,早稲田学習研究会,スタンダード,サービス業,-
5870.T,5870,ナルネットコミュニケーションズ,グロース,サービス業,-
5871.T,5871,ＳＯＬＩＺＥ　Ｈｏｌｄｉｎｇｓ,スタンダード,サービス業,-
5884.T,5884,クラダシ,グロース,小売業,-
5885.T,5885,ジーデップ・アドバンス,スタンダード,卸売業,-
5888.T,5888,ＤＡＩＷＡ　ＣＹＣＬＥ,グロース,小売業,-
5889.T,5889,Ｊａｐａｎ　Ｅｙｅｗｅａｒ　Ｈｏｌｄｉｎｇｓ,プライム,小売業,TOPIX Small 2
5891.T,5891,魁力屋,スタンダード,小売業,-
5892.T,5892,ｙｕｔｏｒｉ,グロース,小売業,-
589A.T,589A,ネイス,グロース,サービス業,-
5900.T,5900,ダイケン,スタンダード,金属製品,-
5901.T,5901,東洋製罐グループホールディングス,プライム,金属製品,TOPIX Mid400
5902.T,5902,ホッカンホールディングス,プライム,金属製品,TOPIX Small 2
5903.T,5903,シンポ,スタンダード,金属製品,-
5905.T,5905,日本製罐,スタンダード,金属製品,-
5906.T,5906,エムケー精工,スタンダード,金属製品,-
5909.T,5909,コロナ,スタンダード,金属製品,TOPIX Small 2
5911.T,5911,横河ブリッジホールディングス,プライム,金属製品,TOPIX Small 1
5915.T,5915,駒井ハルテック,スタンダード,金属製品,-
5918.T,5918,瀧上工業,スタンダード,金属製品,-
5921.T,5921,川岸工業,スタンダード,金属製品,-
5922.T,5922,那須電機鉄工,スタンダード,金属製品,-
5923.T,5923,高田機工,スタンダード,金属製品,-
5928.T,5928,アルメタックス,スタンダード,金属製品,-
5929.T,5929,三和ホールディングス,プライム,金属製品,TOPIX Mid400
5930.T,5930,文化シヤッター,プライム,金属製品,TOPIX Small 1
5932.T,5932,三協立山,プライム,金属製品,TOPIX Small 2
5933.T,5933,アルインコ,プライム,金属製品,TOPIX Small 2
5936.T,5936,東洋シヤッター,スタンダード,金属製品,-
5938.T,5938,ＬＩＸＩＬ,プライム,金属製品,TOPIX Mid400
5939.T,5939,大谷工業,スタンダード,金属製品,-
5940.T,5940,不二サッシ,スタンダード,金属製品,-
5941.T,5941,中西製作所,スタンダード,金属製品,-
5942.T,5942,日本フイルコン,スタンダード,金属製品,-
5943.T,5943,ノーリツ,プライム,金属製品,TOPIX Small 1
5945.T,5945,天龍製鋸,スタンダード,金属製品,-
5946.T,5946,長府製作所,プライム,金属製品,TOPIX Small 2
5947.T,5947,リンナイ,プライム,金属製品,TOPIX Mid400
5949.T,5949,ユニプレス,プライム,輸送用機器,TOPIX Small 1
5950.T,5950,日本パワーファスニング,スタンダード,金属製品,-
5951.T,5951,ダイニチ工業,スタンダード,金属製品,-
5952.T,5952,アマテイ,スタンダード,金属製品,-
5955.T,5955,ワイズホールディングス,スタンダード,金属製品,-
5956.T,5956,トーソー,スタンダード,金属製品,-
5957.T,5957,日東精工,プライム,金属製品,TOPIX Small 2
5958.T,5958,三洋工業,スタンダード,金属製品,-
5959.T,5959,岡部,プライム,金属製品,TOPIX Small 2
5962.T,5962,浅香工業,スタンダード,その他製品,-
5965.T,5965,フジマック,スタンダード,金属製品,-
5966.T,5966,京都機械工具,スタンダード,金属製品,-
5967.T,5967,ＴＯＮＥ,スタンダード,金属製品,-
5969.T,5969,ロブテックス,スタンダード,金属製品,-
5970.T,5970,ジーテクト,プライム,金属製品,TOPIX Small 1
5971.T,5971,共和工業所,スタンダード,金属製品,-
5973.T,5973,トーアミ,スタンダード,金属製品,-
5974.T,5974,中国工業,スタンダード,金属製品,-
5975.T,5975,東プレ,プライム,金属製品,TOPIX Small 1
5976.T,5976,高周波熱錬,プライム,金属製品,TOPIX Small 2
5981.T,5981,東京製綱,プライム,金属製品,TOPIX Small 2
5982.T,5982,マルゼン,スタンダード,金属製品,-
5983.T,5983,イワブチ,スタンダード,金属製品,-
5984.T,5984,兼房,スタンダード,金属製品,-
5985.T,5985,サンコール,スタンダード,金属製品,TOPIX Small 2
5986.T,5986,モリテック　スチール,スタンダード,金属製品,-
5987.T,5987,オーネックス,スタンダード,金属製品,-
5988.T,5988,パイオラックス,プライム,金属製品,TOPIX Small 1
5989.T,5989,エイチワン,プライム,金属製品,TOPIX Small 2
5990.T,5990,スーパーツール,スタンダード,金属製品,-
5991.T,5991,日本発條,プライム,金属製品,TOPIX Mid400
5992.T,5992,中央発條,スタンダード,金属製品,TOPIX Small 2
5994.T,5994,ファインシンター,スタンダード,金属製品,-
5997.T,5997,協立エアテック,スタンダード,金属製品,-
5998.T,5998,アドバネクス,スタンダード,金属製品,-
6005.T,6005,三浦工業,プライム,機械,TOPIX Mid400
6013.T,6013,タクマ,プライム,機械,TOPIX Small 1
6016.T,6016,ジャパンエンジンコーポレーション,スタンダード,輸送用機器,-
6018.T,6018,阪神内燃機工業,スタンダード,輸送用機器,-
6022.T,6022,赤阪鐵工所,スタンダード,機械,-
6023.T,6023,ダイハツインフィニアース,スタンダード,輸送用機器,-
6027.T,6027,弁護士ドットコム,プライム,サービス業,TOPIX Small 2
6029.T,6029,アトラグループ,スタンダード,サービス業,-
6030.T,6030,アドベンチャー,グロース,サービス業,-
6031.T,6031,ＺＥＴＡ,グロース,サービス業,-
6033.T,6033,エクストリーム,グロース,サービス業,-
6034.T,6034,ＭＲＴ,グロース,サービス業,-
6035.T,6035,アイ・アールジャパンホールディングス,スタンダード,サービス業,TOPIX Small 2
6036.T,6036,ＫｅｅＰｅｒ技研,プライム,サービス業,TOPIX Small 1
6037.T,6037,楽待,スタンダード,サービス業,-
6038.T,6038,イード,グロース,サービス業,-
6039.T,6039,日本動物高度医療センター,グロース,サービス業,-
6040.T,6040,日本スキー場開発,グロース,サービス業,-
6042.T,6042,ニッキ,スタンダード,輸送用機器,-
6044.T,6044,三機サービス,スタンダード,サービス業,-
6045.T,6045,レントラックス,グロース,サービス業,-
6046.T,6046,リンクバル,スタンダード,サービス業,-
6047.T,6047,Ｇｕｎｏｓｙ,スタンダード,サービス業,TOPIX Small 2
6049.T,6049,イトクロ,グロース,サービス業,-
6050.T,6050,イー・ガーディアン,プライム,サービス業,TOPIX Small 2
6054.T,6054,リブセンス,スタンダード,サービス業,-
6055.T,6055,ジャパンマテリアル,プライム,サービス業,TOPIX Small 1
6058.T,6058,ベクトル,プライム,サービス業,TOPIX Small 2
6059.T,6059,ウチヤマホールディングス,スタンダード,サービス業,-
6061.T,6061,ユニバーサル園芸社,スタンダード,サービス業,-
6062.T,6062,チャーム・ケア・コーポレーション,プライム,サービス業,TOPIX Small 2
6063.T,6063,日本エマージェンシーアシスタンス,スタンダード,サービス業,-
6069.T,6069,トレンダーズ,グロース,サービス業,-
6070.T,6070,キャリアリンク,プライム,サービス業,TOPIX Small 2
6071.T,6071,ＩＢＪ,プライム,サービス業,TOPIX Small 2
6072.T,6072,地盤ネットホールディングス,スタンダード,サービス業,-
6073.T,6073,アサンテ,プライム,サービス業,TOPIX Small 2
6074.T,6074,ジェイエスエス,スタンダード,サービス業,-
6078.T,6078,バリューＨＲ,プライム,サービス業,TOPIX Small 2
6080.T,6080,Ｍ＆Ａキャピタルパートナーズ,プライム,サービス業,TOPIX Small 1
6081.T,6081,アライドアーキテクツ,グロース,サービス業,-
6082.T,6082,ライドオンエクスプレスホールディングス,スタンダード,サービス業,TOPIX Small 2
6083.T,6083,ＥＲＩホールディングス,スタンダード,サービス業,-
6085.T,6085,アーキテクツ・スタジオ・ジャパン,グロース,サービス業,-
6086.T,6086,シンメンテホールディングス,グロース,サービス業,-
6087.T,6087,アビスト,スタンダード,サービス業,-
6088.T,6088,シグマクシス・ホールディングス,プライム,サービス業,TOPIX Small 1
6089.T,6089,ウィルグループ,プライム,サービス業,TOPIX Small 2
6090.T,6090,ヒューマン・メタボローム・テクノロジーズ,スタンダード,サービス業,-
6091.T,6091,ウエスコホールディングス,スタンダード,サービス業,-
6092.T,6092,エンバイオ・ホールディングス,スタンダード,サービス業,-
6093.T,6093,ミトラグループ,スタンダード,サービス業,-
6094.T,6094,フリークアウト・ホールディングス,グロース,サービス業,-
6096.T,6096,レアジョブ,スタンダード,サービス業,-
6098.T,6098,リクルートホールディングス,プライム,サービス業,TOPIX Core30
6099.T,6099,エラン,プライム,サービス業,TOPIX Small 2
6101.T,6101,ツガミ,プライム,機械,TOPIX Small 1
6103.T,6103,オークマ,プライム,機械,TOPIX Small 1
6104.T,6104,芝浦機械,プライム,機械,TOPIX Small 1
6113.T,6113,アマダ,プライム,機械,TOPIX Mid400
6118.T,6118,アイダエンジニアリング,プライム,機械,TOPIX Small 1
6125.T,6125,岡本工作機械製作所,スタンダード,機械,-
6134.T,6134,ＦＵＪＩ,プライム,機械,TOPIX Mid400
6135.T,6135,牧野フライス製作所,プライム,機械,TOPIX Small 1
6136.T,6136,オーエスジー,プライム,機械,TOPIX Mid400
6137.T,6137,小池酸素工業,スタンダード,機械,-
6138.T,6138,ダイジェット工業,スタンダード,機械,-
6140.T,6140,旭ダイヤモンド工業,プライム,機械,TOPIX Small 1
6141.T,6141,ＤＭＧ森精機,プライム,機械,TOPIX Mid400
6143.T,6143,ソディック,プライム,機械,TOPIX Small 1
6144.T,6144,西部電機,スタンダード,機械,-
6145.T,6145,ＮＩＴＴＯＫＵ,スタンダード,機械,-
6146.T,6146,ディスコ,プライム,機械,TOPIX Large70
6147.T,6147,ヤマザキ,スタンダード,機械,-
6149.T,6149,小田原エンジニアリング,スタンダード,機械,-
6150.T,6150,タケダ機械,スタンダード,機械,-
6151.T,6151,日東工器,プライム,機械,TOPIX Small 2
6155.T,6155,高松機械工業,スタンダード,機械,-
6156.T,6156,エーワン精密,スタンダード,機械,-
6157.T,6157,日進工具,スタンダード,機械,TOPIX Small 2
6158.T,6158,和井田製作所,スタンダード,機械,-
6159.T,6159,ミクロン精密,スタンダード,機械,-
6161.T,6161,エスティック,スタンダード,機械,-
6165.T,6165,パンチ工業,スタンダード,機械,-
6166.T,6166,中村超硬,グロース,機械,-
6167.T,6167,冨士ダイス,プライム,機械,TOPIX Small 2
6171.T,6171,土木管理総合試験所,スタンダード,サービス業,-
6176.T,6176,ブランジスタ,スタンダード,サービス業,-
6177.T,6177,ＡｐｐＢａｎｋ,グロース,サービス業,-
6178.T,6178,日本郵政,プライム,サービス業,TOPIX Large70
6180.T,6180,ＧＭＯメディア,グロース,サービス業,-
6181.T,6181,タメニー,グロース,サービス業,-
6182.T,6182,メタリアル,グロース,サービス業,-
6183.T,6183,ベルシステム２４ホールディングス,プライム,サービス業,TOPIX Small 2
6184.T,6184,鎌倉新書,プライム,サービス業,TOPIX Small 2
6185.T,6185,ＳＭＮ,スタンダード,サービス業,-
6186.T,6186,一蔵,スタンダード,サービス業,-
6189.T,6189,グローバルキッズＣＯＭＰＡＮＹ,スタンダード,サービス業,-
6190.T,6190,フェニックスバイオ,グロース,サービス業,-
6191.T,6191,エアトリ,プライム,サービス業,TOPIX Small 2
6193.T,6193,バーチャレクス・ホールディングス,グロース,サービス業,-
6194.T,6194,アトラエ,プライム,サービス業,TOPIX Small 2
6195.T,6195,ホープ,グロース,サービス業,-
6196.T,6196,ストライクグループ,プライム,サービス業,TOPIX Small 1
6197.T,6197,ソラスト,プライム,サービス業,TOPIX Small 2
6198.T,6198,キャリア,グロース,サービス業,-
6199.T,6199,セラク,スタンダード,情報・通信業,TOPIX Small 2
6200.T,6200,インソース,プライム,サービス業,TOPIX Small 1
6203.T,6203,豊和工業,スタンダード,機械,-
6208.T,6208,石川製作所,スタンダード,機械,-
6209.T,6209,リケンＮＰＲ,プライム,機械,TOPIX Small 1
6217.T,6217,津田駒工業,スタンダード,機械,-
6218.T,6218,エンシュウ,スタンダード,機械,-
6222.T,6222,島精機製作所,プライム,機械,TOPIX Small 1
6223.T,6223,西部技研,スタンダード,機械,-
6224.T,6224,ＪＲＣ,グロース,機械,-
6226.T,6226,守谷輸送機工業,スタンダード,機械,-
6227.T,6227,ＡＩメカテック,スタンダード,機械,-
6228.T,6228,ジェイ・イー・ティ,スタンダード,機械,-
6229.T,6229,オーケーエム,スタンダード,機械,-
6230.T,6230,ＳＡＮＥＩ,スタンダード,機械,-
6231.T,6231,木村工機,スタンダード,機械,-
6232.T,6232,ＡＣＳＬ,グロース,機械,-
6233.T,6233,ＫＬＡＳＳ,スタンダード,機械,-
6235.T,6235,オプトラン,プライム,機械,TOPIX Small 1
6237.T,6237,イワキポンプ,プライム,機械,TOPIX Small 2
6238.T,6238,フリュー,プライム,機械,TOPIX Small 2
6239.T,6239,ナガオカ,スタンダード,機械,-
6240.T,6240,ヤマシンフィルタ,プライム,機械,TOPIX Small 2
6245.T,6245,ヒラノテクシード,スタンダード,機械,-
6246.T,6246,テクノスマート,スタンダード,機械,-
6247.T,6247,日阪製作所,プライム,機械,TOPIX Small 2
6248.T,6248,横田製作所,スタンダード,機械,-
6249.T,6249,ゲームカードホールディングス,スタンダード,機械,-
6250.T,6250,やまびこ,プライム,機械,TOPIX Small 1
6254.T,6254,野村マイクロ・サイエンス,プライム,機械,TOPIX Small 1
6255.T,6255,エヌ・ピー・シー,グロース,機械,-
6257.T,6257,藤商事,スタンダード,機械,-
6258.T,6258,平田機工,プライム,機械,TOPIX Small 1
6262.T,6262,ＰＥＧＡＳＵＳ,スタンダード,機械,TOPIX Small 2
6264.T,6264,マルマエ,プライム,機械,TOPIX Small 2
6265.T,6265,コンバム,スタンダード,機械,-
6266.T,6266,タツモ,プライム,機械,TOPIX Small 2
6267.T,6267,ゼネラルパッカー,スタンダード,機械,-
6268.T,6268,ナブテスコ,プライム,機械,TOPIX Mid400
6269.T,6269,三井海洋開発,プライム,機械,TOPIX Mid400
6272.T,6272,レオン自動機,プライム,機械,TOPIX Small 2
6273.T,6273,ＳＭＣ,プライム,機械,TOPIX Large70
6276.T,6276,シリウスビジョン,スタンダード,電気機器,-
6277.T,6277,ホソカワミクロン,プライム,機械,TOPIX Small 1
6278.T,6278,ユニオンツール,プライム,機械,TOPIX Small 1
6279.T,6279,瑞光,プライム,機械,TOPIX Small 2
6282.T,6282,オイレス工業,プライム,機械,TOPIX Small 1
6284.T,6284,日精エー・エス・ビー機械,プライム,機械,TOPIX Small 1
6286.T,6286,靜甲,スタンダード,機械,-
6287.T,6287,サトー,プライム,機械,TOPIX Small 1
6289.T,6289,技研製作所,プライム,機械,TOPIX Small 2
6291.T,6291,日本エアーテック,スタンダード,機械,TOPIX Small 2
6292.T,6292,カワタ,スタンダード,機械,-
6294.T,6294,オカダアイヨン,プライム,機械,-
6298.T,6298,ワイエイシイホールディングス,プライム,機械,TOPIX Small 2
6301.T,6301,小松製作所,プライム,機械,TOPIX Large70
6302.T,6302,住友重機械工業,プライム,機械,TOPIX Mid400
6305.T,6305,日立建機,プライム,機械,TOPIX Mid400
6306.T,6306,日工,プライム,機械,TOPIX Small 2
6307.T,6307,サンセイ,スタンダード,機械,-
6309.T,6309,巴工業,プライム,機械,TOPIX Small 2
6310.T,6310,井関農機,プライム,機械,TOPIX Small 2
6315.T,6315,ＴＯＷＡ,プライム,機械,TOPIX Small 1
6316.T,6316,丸山製作所,スタンダード,機械,-
6317.T,6317,北川鉄工所,スタンダード,機械,TOPIX Small 2
6322.T,6322,タクミナ,スタンダード,機械,-
6323.T,6323,ローツェ,プライム,機械,TOPIX Mid400
6324.T,6324,ハーモニック・ドライブ・システムズ,プライム,機械,TOPIX Small 2
6325.T,6325,タカキタ,スタンダード,機械,-
6326.T,6326,クボタ,プライム,機械,TOPIX Large70
6327.T,6327,北川精機,スタンダード,機械,-
6328.T,6328,荏原実業,プライム,機械,TOPIX Small 2
6330.T,6330,東洋エンジニアリング,プライム,建設業,TOPIX Small 2
6331.T,6331,三菱化工機,プライム,機械,TOPIX Small 1
6332.T,6332,月島ホールディングス,プライム,機械,TOPIX Small 1
6333.T,6333,ＴＥＩＫＯＫＵ,プライム,機械,TOPIX Small 2
6334.T,6334,明治機械,スタンダード,機械,-
6335.T,6335,東京機械製作所,スタンダード,機械,-
6336.T,6336,石井表記,スタンダード,機械,-
6337.T,6337,テセック,スタンダード,機械,-
6338.T,6338,タカトリ,スタンダード,機械,-
6339.T,6339,新東工業,プライム,機械,TOPIX Small 2
6340.T,6340,澁谷工業,プライム,機械,TOPIX Small 2
6342.T,6342,太平製作所,スタンダード,機械,-
6343.T,6343,フリージア・マクロス,スタンダード,機械,-
6345.T,6345,アイチ　コーポレーション,プライム,機械,TOPIX Small 2
6346.T,6346,キクカワエンタープライズ,スタンダード,機械,-
6347.T,6347,プラコー,スタンダード,機械,-
6349.T,6349,小森コーポレーション,プライム,機械,TOPIX Small 1
6351.T,6351,鶴見製作所,プライム,機械,TOPIX Small 2
6356.T,6356,日本ギア工業,スタンダード,機械,-
6357.T,6357,三精テクノロジーズ,スタンダード,機械,-
6358.T,6358,酒井重工業,プライム,機械,TOPIX Small 2
6360.T,6360,東京自働機械製作所,スタンダード,機械,-
6361.T,6361,荏原製作所,プライム,機械,TOPIX Mid400
6363.T,6363,酉島製作所,プライム,機械,TOPIX Small 1
6364.T,6364,ＡＩＲＭＡＮ,プライム,機械,TOPIX Small 2
6365.T,6365,電業社機械製作所,スタンダード,機械,-
6366.T,6366,千代田化工建設,スタンダード,建設業,-
6367.T,6367,ダイキン工業,プライム,機械,TOPIX Core30
6368.T,6368,オルガノ,プライム,機械,TOPIX Mid400
6369.T,6369,トーヨーカネツ,プライム,機械,TOPIX Small 2
6370.T,6370,栗田工業,プライム,機械,TOPIX Mid400
6371.T,6371,椿本チエイン,プライム,機械,TOPIX Small 1
6376.T,6376,日機装,プライム,精密機器,TOPIX Small 1
6378.T,6378,木村化工機,スタンダード,機械,TOPIX Small 2
6379.T,6379,レイズネクスト,プライム,建設業,TOPIX Small 2
6380.T,6380,オリエンタルチエン工業,スタンダード,機械,-
6381.T,6381,アネスト岩田,プライム,機械,TOPIX Small 2
6382.T,6382,トリニティ工業,スタンダード,機械,-
6383.T,6383,ダイフク,プライム,機械,TOPIX Mid400
6384.T,6384,昭和真空,スタンダード,機械,-
6387.T,6387,サムコ,プライム,機械,TOPIX Small 2
6390.T,6390,加藤製作所,プライム,機械,-
6391.T,6391,加地テック,スタンダード,機械,-
6392.T,6392,ヤマダコーポレーション,スタンダード,機械,-
6393.T,6393,油研工業,スタンダード,機械,-
6395.T,6395,タダノ,プライム,機械,TOPIX Small 1
6396.T,6396,宇野澤組鐵工所,スタンダード,機械,-
6400.T,6400,不二精機,スタンダード,機械,-
6402.T,6402,兼松エンジニアリング,スタンダード,機械,-
6405.T,6405,鈴茂器工,スタンダード,機械,-
6407.T,6407,ＣＫＤ,プライム,機械,TOPIX Small 1
6408.T,6408,小倉クラッチ,スタンダード,機械,-
6412.T,6412,平和,プライム,機械,TOPIX Small 1
6413.T,6413,理想科学工業,プライム,機械,TOPIX Small 2
6417.T,6417,ＳＡＮＫＹＯ,プライム,機械,TOPIX Mid400
6418.T,6418,日本金銭機械,プライム,機械,TOPIX Small 2
6419.T,6419,マースグループホールディングス,プライム,機械,TOPIX Small 1
6420.T,6420,ガリレイ,プライム,機械,TOPIX Small 1
6424.T,6424,高見沢サイバネティックス,スタンダード,機械,-
6425.T,6425,ユニバーサルエンターテインメント,スタンダード,機械,-
6428.T,6428,オーイズミ,スタンダード,機械,-
6430.T,6430,ダイコク電機,プライム,機械,TOPIX Small 2
6432.T,6432,竹内製作所,プライム,機械,TOPIX Small 1
6433.T,6433,ヒーハイスト,スタンダード,機械,-
6436.T,6436,アマノ,プライム,機械,TOPIX Mid400
6440.T,6440,ＪＵＫＩ,プライム,機械,TOPIX Small 2
6444.T,6444,サンデン,スタンダード,機械,-
6445.T,6445,ジャノメ,プライム,機械,TOPIX Small 2
6448.T,6448,ブラザー工業,プライム,電気機器,TOPIX Mid400
6454.T,6454,マックス,プライム,機械,TOPIX Small 1
6455.T,6455,モリタホールディングス,プライム,輸送用機器,TOPIX Small 2
6457.T,6457,グローリー,プライム,機械,TOPIX Mid400
6458.T,6458,新晃工業,プライム,機械,TOPIX Small 1
6459.T,6459,大和冷機工業,プライム,機械,TOPIX Small 2
6460.T,6460,セガサミーホールディングス,プライム,機械,TOPIX Mid400
6463.T,6463,ＴＰＲ,プライム,機械,TOPIX Small 1
6464.T,6464,ツバキ・ナカシマ,プライム,機械,TOPIX Small 2
6465.T,6465,ホシザキ,プライム,機械,TOPIX Mid400
6466.T,6466,ＴＶＥ,スタンダード,機械,-
6467.T,6467,ニチダイ,スタンダード,機械,-
6469.T,6469,放電精密加工研究所,スタンダード,機械,-
6470.T,6470,大豊工業,スタンダード,機械,TOPIX Small 2
6471.T,6471,日本精工,プライム,機械,TOPIX Mid400
6472.T,6472,ＮＴＮ,プライム,機械,TOPIX Mid400
6473.T,6473,ジェイテクト,プライム,機械,TOPIX Mid400
6474.T,6474,不二越,プライム,機械,TOPIX Small 1
6479.T,6479,ミネベアミツミ,プライム,電気機器,TOPIX Mid400
6480.T,6480,日本トムソン,プライム,機械,TOPIX Small 2
6481.T,6481,ＴＨＫ,プライム,機械,TOPIX Mid400
6482.T,6482,ＹＵＳＨＩＮ,スタンダード,機械,TOPIX Small 2
6484.T,6484,ＫＶＫ,スタンダード,機械,-
6485.T,6485,前澤給装工業,スタンダード,機械,TOPIX Small 2
6486.T,6486,イーグル工業,プライム,機械,TOPIX Small 1
6488.T,6488,ヨシタケ,スタンダード,機械,-
6490.T,6490,ＰＩＬＬＡＲ,プライム,機械,TOPIX Small 1
6492.T,6492,岡野バルブ製造,スタンダード,機械,-
6493.T,6493,ＮＩＴＴＡＮ,スタンダード,輸送用機器,-
6494.T,6494,ＮＦＫホールディングス,スタンダード,機械,-
6495.T,6495,宮入バルブ製作所,スタンダード,機械,-
6496.T,6496,中北製作所,スタンダード,機械,-
6497.T,6497,ハマイ,スタンダード,機械,-
6498.T,6498,キッツ,プライム,機械,TOPIX Small 1
6501.T,6501,日立製作所,プライム,電気機器,TOPIX Core30
6503.T,6503,三菱電機,プライム,電気機器,TOPIX Core30
6504.T,6504,富士電機,プライム,電気機器,TOPIX Mid400
6505.T,6505,東洋電機製造,スタンダード,電気機器,-
6506.T,6506,安川電機,プライム,電気機器,TOPIX Mid400
6507.T,6507,シンフォニアテクノロジー,プライム,電気機器,TOPIX Small 1
6508.T,6508,明電舎,プライム,電気機器,TOPIX Small 1
6513.T,6513,オリジン,スタンダード,電気機器,-
6516.T,6516,山洋電気,プライム,電気機器,TOPIX Small 1
6517.T,6517,デンヨー,プライム,電気機器,TOPIX Small 2
6518.T,6518,三相電機,スタンダード,電気機器,-
6521.T,6521,オキサイド,グロース,電気機器,-
6522.T,6522,アスタリスク,グロース,電気機器,-
6523.T,6523,ＰＨＣホールディングス,プライム,電気機器,TOPIX Small 1
6524.T,6524,湖北工業,スタンダード,電気機器,-
6525.T,6525,ＫＯＫＵＳＡＩ　ＥＬＥＣＴＲＩＣ,プライム,電気機器,TOPIX Mid400
6526.T,6526,ソシオネクスト,プライム,電気機器,TOPIX Mid400
6532.T,6532,ベイカレント,プライム,サービス業,TOPIX Mid400
6533.T,6533,Ｏｒｃｈｅｓｔｒａ　Ｈｏｌｄｉｎｇｓ,プライム,サービス業,TOPIX Small 2
6535.T,6535,アイモバイル,プライム,サービス業,TOPIX Small 2
6537.T,6537,ＷＡＳＨハウス,グロース,サービス業,-
6538.T,6538,ディスラプターズ,スタンダード,サービス業,-
6539.T,6539,ＭＳ－Ｊａｐａｎ,プライム,サービス業,TOPIX Small 2
6540.T,6540,船場,スタンダード,サービス業,-
6543.T,6543,日宣,スタンダード,サービス業,-
6544.T,6544,ジャパンエレベーターサービスホールディングス,プライム,サービス業,TOPIX Mid400
6545.T,6545,インターネットインフィニティー,グロース,サービス業,-
6546.T,6546,フルテック,スタンダード,サービス業,-
6547.T,6547,グリーンズ,スタンダード,サービス業,-
6548.T,6548,旅工房,グロース,サービス業,-
6549.T,6549,ディーエムソリューションズ,スタンダード,サービス業,-
6551.T,6551,ツナググループ・ホールディングス,スタンダード,サービス業,-
6552.T,6552,ＧａｍｅＷｉｔｈ,スタンダード,サービス業,-
6554.T,6554,エスユーエス,グロース,サービス業,-
6555.T,6555,ＭＳ＆Ｃｏｎｓｕｌｔｉｎｇ,スタンダード,サービス業,-
6557.T,6557,ＡＩＡＩグループ,グロース,サービス業,-
6558.T,6558,クックビズ,グロース,サービス業,-
6560.T,6560,エル・ティー・エス,プライム,サービス業,TOPIX Small 2
6561.T,6561,ＨＡＮＡＴＯＵＲ　ＪＡＰＡＮ,グロース,サービス業,-
6562.T,6562,ジーニー,グロース,サービス業,-
6563.T,6563,みらいワークス,グロース,サービス業,-
6564.T,6564,ミダックホールディングス,プライム,サービス業,TOPIX Small 2
6566.T,6566,要興業,スタンダード,サービス業,-
6568.T,6568,神戸天然物化学,グロース,サービス業,-
6570.T,6570,共和コーポレーション,スタンダード,サービス業,-
6571.T,6571,キュービーネットホールディングス,プライム,サービス業,TOPIX Small 2
6572.T,6572,オープングループ,プライム,サービス業,TOPIX Small 2
6573.T,6573,ＣＲＡＶＩＡ,グロース,サービス業,-
6574.T,6574,コンヴァノ,グロース,サービス業,-
6577.T,6577,ベストワンドットコム,グロース,サービス業,-
6578.T,6578,コレックホールディングス,スタンダード,サービス業,-
6579.T,6579,ログリー,グロース,サービス業,-
6580.T,6580,ライトアップ,グロース,サービス業,-
6584.T,6584,三櫻工業,プライム,輸送用機器,TOPIX Small 2
6586.T,6586,マキタ,プライム,機械,TOPIX Mid400
6588.T,6588,東芝テック,プライム,電気機器,TOPIX Small 1
6590.T,6590,芝浦メカトロニクス,プライム,電気機器,TOPIX Small 1
6592.T,6592,マブチモーター,プライム,電気機器,TOPIX Mid400
6594.T,6594,ニデック,プライム,電気機器,-
6597.T,6597,ＨＰＣシステムズ,グロース,電気機器,-
6599.T,6599,エブレン,スタンダード,電気機器,-
6612.T,6612,バルミューダ,グロース,電気機器,-
6613.T,6613,ＱＤレーザ,グロース,電気機器,-
6614.T,6614,シキノハイテック,スタンダード,電気機器,-
6615.T,6615,ユー・エム・シー・エレクトロニクス,プライム,電気機器,TOPIX Small 2
6616.T,6616,トレックス・セミコンダクター,プライム,電気機器,TOPIX Small 2
6617.T,6617,東光高岳,プライム,電気機器,TOPIX Small 2
6619.T,6619,ダブル・スコープ,プライム,電気機器,TOPIX Small 2
6620.T,6620,宮越ホールディングス,プライム,不動産業,TOPIX Small 2
6622.T,6622,ダイヘン,プライム,電気機器,TOPIX Small 1
6625.T,6625,ＪＡＬＣＯホールディングス,スタンダード,不動産業,-
6626.T,6626,ＳＥＭＩＴＥＣ,スタンダード,電気機器,-
6627.T,6627,テラプローブ,スタンダード,電気機器,-
6629.T,6629,テクノホライゾン,スタンダード,電気機器,-
6630.T,6630,ヤーマン,プライム,電気機器,TOPIX Small 1
6632.T,6632,ＪＶＣケンウッド,プライム,電気機器,TOPIX Mid400
6633.T,6633,ＣＧＳホールディングス,スタンダード,電気機器,-
6634.T,6634,ＪＮグループ,スタンダード,電気機器,-
6635.T,6635,大日光・エンジニアリング,スタンダード,電気機器,-
6637.T,6637,寺崎電気産業,スタンダード,電気機器,-
6638.T,6638,ミマキエンジニアリング,プライム,電気機器,TOPIX Small 2
6643.T,6643,戸上電機製作所,スタンダード,電気機器,-
6644.T,6644,大崎電気工業,プライム,電気機器,TOPIX Small 2
6645.T,6645,オムロン,プライム,電気機器,TOPIX Mid400
6647.T,6647,森尾電機,スタンダード,電気機器,-
6648.T,6648,かわでん,スタンダード,電気機器,-
6651.T,6651,日東工業,プライム,電気機器,TOPIX Small 1
6652.T,6652,ＩＤＥＣ,プライム,電気機器,TOPIX Small 1
6653.T,6653,正興電機製作所,プライム,電気機器,-
6654.T,6654,不二電機工業,スタンダード,電気機器,-
6656.T,6656,インスペック,スタンダード,電気機器,-
6658.T,6658,シライ電子工業,スタンダード,電気機器,-
6659.T,6659,メディアリンクス,スタンダード,電気機器,-
6662.T,6662,ユビテック,スタンダード,電気機器,-
6663.T,6663,太洋テクノレックス,スタンダード,電気機器,-
6664.T,6664,オプトエレクトロニクス,スタンダード,電気機器,-
6666.T,6666,リバーエレテック,スタンダード,電気機器,-
6668.T,6668,アドテック　プラズマ　テクノロジー,スタンダード,電気機器,-
6674.T,6674,ジーエス・ユアサ　コーポレーション,プライム,電気機器,TOPIX Mid400
6675.T,6675,サクサ,スタンダード,電気機器,-
6676.T,6676,ＢＵＦＦＡＬＯ,スタンダード,電気機器,TOPIX Small 2
6677.T,6677,エスケーエレクトロニクス,スタンダード,電気機器,-
6678.T,6678,テクノメディカ,スタンダード,電気機器,TOPIX Small 2
6694.T,6694,ズーム,スタンダード,電気機器,-
6696.T,6696,トラース・オン・プロダクト,グロース,電気機器,-
6699.T,6699,ダイヤモンドエレクトリックホールディングス,スタンダード,電気機器,TOPIX Small 2
6701.T,6701,日本電気,プライム,電気機器,TOPIX Large70
6702.T,6702,富士通,プライム,電気機器,TOPIX Large70
6703.T,6703,沖電気工業,プライム,電気機器,TOPIX Small 1
6706.T,6706,電気興業,プライム,電気機器,TOPIX Small 2
6707.T,6707,サンケン電気,プライム,電気機器,TOPIX Mid400
6718.T,6718,アイホン,プライム,電気機器,TOPIX Small 2
6721.T,6721,ウインテスト,スタンダード,電気機器,-
6723.T,6723,ルネサスエレクトロニクス,プライム,電気機器,TOPIX Large70
6724.T,6724,セイコーエプソン,プライム,電気機器,TOPIX Mid400
6727.T,6727,ワコム,プライム,電気機器,TOPIX Small 1
6728.T,6728,アルバック,プライム,電気機器,TOPIX Mid400
6730.T,6730,アクセル,スタンダード,電気機器,TOPIX Small 2
6731.T,6731,ピクセラ,スタンダード,電気機器,-
6736.T,6736,サン電子,スタンダード,電気機器,-
6737.T,6737,ＥＩＺＯ,プライム,電気機器,TOPIX Small 1
6740.T,6740,ジャパンディスプレイ,プライム,電気機器,TOPIX Small 2
6741.T,6741,日本信号,プライム,電気機器,TOPIX Small 2
6742.T,6742,京三製作所,プライム,電気機器,TOPIX Small 2
6743.T,6743,大同信号,スタンダード,電気機器,-
6744.T,6744,能美防災,プライム,電気機器,TOPIX Small 1
6745.T,6745,ホーチキ,プライム,電気機器,TOPIX Small 2
6748.T,6748,星和電機,スタンダード,電気機器,-
6750.T,6750,エレコム,プライム,電気機器,TOPIX Small 1
6752.T,6752,パナソニック　ホールディングス,プライム,電気機器,TOPIX Large70
6753.T,6753,シャープ,プライム,電気機器,TOPIX Mid400
6754.T,6754,アンリツ,プライム,電気機器,TOPIX Mid400
6757.T,6757,ＯＳＧコーポレーション,スタンダード,電気機器,-
6758.T,6758,ソニーグループ,プライム,電気機器,TOPIX Core30
6762.T,6762,ＴＤＫ,プライム,電気機器,TOPIX Large70
6763.T,6763,帝国通信工業,プライム,電気機器,TOPIX Small 2
6768.T,6768,タムラ製作所,プライム,電気機器,TOPIX Small 1
6769.T,6769,ザインエレクトロニクス,スタンダード,電気機器,-
6770.T,6770,アルプスアルパイン,プライム,電気機器,TOPIX Mid400
6771.T,6771,池上通信機,スタンダード,電気機器,-
6772.T,6772,東京コスモス電機,スタンダード,電気機器,-
6775.T,6775,ＴＢグループ,スタンダード,電気機器,-
6776.T,6776,天昇電気工業,スタンダード,化学,-
6777.T,6777,ｓａｎｔｅｃ　Ｈｏｌｄｉｎｇｓ,スタンダード,電気機器,-
6778.T,6778,アルチザネットワークス,スタンダード,電気機器,-
6779.T,6779,日本電波工業,プライム,電気機器,TOPIX Small 2
6785.T,6785,鈴木,プライム,電気機器,TOPIX Small 2
6786.T,6786,ＲＶＨ,スタンダード,サービス業,-
6787.T,6787,メイコー,プライム,電気機器,TOPIX Small 1
6788.T,6788,日本トリム,プライム,電気機器,TOPIX Small 2
6794.T,6794,フォスター電機,プライム,電気機器,TOPIX Small 2
6797.T,6797,名古屋電機工業,スタンダード,電気機器,-
6798.T,6798,ＳＭＫ,プライム,電気機器,TOPIX Small 2
6800.T,6800,ヨコオ,プライム,電気機器,TOPIX Small 2
6803.T,6803,ティアック,スタンダード,電気機器,-
6804.T,6804,ホシデン,プライム,電気機器,TOPIX Small 1
6806.T,6806,ヒロセ電機,プライム,電気機器,TOPIX Mid400
6807.T,6807,日本航空電子工業,プライム,電気機器,TOPIX Small 1
6809.T,6809,ＴＯＡ,プライム,電気機器,TOPIX Small 2
6810.T,6810,マクセル,プライム,電気機器,TOPIX Small 1
6814.T,6814,古野電気,プライム,電気機器,TOPIX Small 1
6817.T,6817,スミダコーポレーション,プライム,電気機器,TOPIX Small 2
6819.T,6819,伊豆シャボテンリゾート,スタンダード,サービス業,-
6820.T,6820,アイコム,プライム,電気機器,TOPIX Small 2
6822.T,6822,大井電気,スタンダード,電気機器,-
6823.T,6823,リオン,プライム,電気機器,TOPIX Small 2
6824.T,6824,新コスモス電機,スタンダード,電気機器,-
6832.T,6832,アオイ電子,スタンダード,電気機器,-
6834.T,6834,精工技研,スタンダード,電気機器,-
6835.T,6835,アライドテレシスホールディングス,スタンダード,電気機器,-
6836.T,6836,ぷらっとホーム,スタンダード,電気機器,-
6837.T,6837,京写,スタンダード,電気機器,-
6838.T,6838,多摩川ホールディングス,スタンダード,電気機器,-
6840.T,6840,ＡＫＩＢＡホールディングス,スタンダード,電気機器,-
6841.T,6841,横河電機,プライム,電気機器,TOPIX Mid400
6844.T,6844,新電元工業,プライム,電気機器,TOPIX Small 2
6845.T,6845,アズビル,プライム,電気機器,TOPIX Mid400
6848.T,6848,東亜ディーケーケー,スタンダード,電気機器,-
6849.T,6849,日本光電工業,プライム,電気機器,TOPIX Mid400
6850.T,6850,チノー,プライム,電気機器,TOPIX Small 2
6853.T,6853,共和電業,スタンダード,電気機器,-
6855.T,6855,日本電子材料,スタンダード,電気機器,TOPIX Small 2
6856.T,6856,堀場製作所,プライム,電気機器,TOPIX Mid400
6857.T,6857,アドバンテスト,プライム,電気機器,TOPIX Core30
6858.T,6858,小野測器,スタンダード,電気機器,-
6859.T,6859,エスペック,プライム,電気機器,TOPIX Small 1
6861.T,6861,キーエンス,プライム,電気機器,TOPIX Core30
6862.T,6862,ミナトホールディングス,スタンダード,電気機器,-
6863.T,6863,ニレコ,スタンダード,電気機器,-
6864.T,6864,エヌエフホールディングス,スタンダード,電気機器,-
6866.T,6866,日置電機,プライム,電気機器,TOPIX Small 1
6867.T,6867,リーダー電子,スタンダード,電気機器,-
6869.T,6869,シスメックス,プライム,電気機器,TOPIX Mid400
6870.T,6870,日本フェンオール,スタンダード,電気機器,-
6871.T,6871,日本マイクロニクス,プライム,電気機器,TOPIX Small 1
6874.T,6874,協立電機,スタンダード,電気機器,-
6875.T,6875,メガチップス,プライム,電気機器,TOPIX Small 1
6877.T,6877,ＯＢＡＲＡ　ＧＲＯＵＰ,スタンダード,電気機器,TOPIX Small 2
6882.T,6882,三社電機製作所,スタンダード,電気機器,-
6888.T,6888,アクモス,スタンダード,情報・通信業,-
6890.T,6890,フェローテック,スタンダード,電気機器,-
6894.T,6894,パルステック工業,スタンダード,電気機器,-
6897.T,6897,ツインバード,スタンダード,電気機器,-
6898.T,6898,トミタ電機,スタンダード,電気機器,-
6899.T,6899,ＡＳＴＩ,スタンダード,電気機器,-
6902.T,6902,デンソー,プライム,輸送用機器,TOPIX Large70
6904.T,6904,原田工業,スタンダード,電気機器,-
6905.T,6905,コーセル,プライム,電気機器,TOPIX Small 2
6907.T,6907,ジオマテック,スタンダード,電気機器,-
6908.T,6908,イリソ電子工業,プライム,電気機器,TOPIX Small 1
6912.T,6912,菊水ホールディングス,スタンダード,電気機器,-
6914.T,6914,オプテックスグループ,プライム,電気機器,TOPIX Small 1
6915.T,6915,千代田インテグレ,スタンダード,電気機器,TOPIX Small 2
6918.T,6918,アバールデータ,スタンダード,電気機器,-
6919.T,6919,ケル,スタンダード,電気機器,-
6920.T,6920,レーザーテック,プライム,電気機器,TOPIX Large70
6923.T,6923,スタンレー電気,プライム,電気機器,TOPIX Mid400
6925.T,6925,ウシオ電機,プライム,電気機器,TOPIX Mid400
6926.T,6926,岡谷電機産業,スタンダード,電気機器,-
6927.T,6927,ヘリオス　テクノ　ホールディング,スタンダード,電気機器,-
6928.T,6928,エノモト,スタンダード,電気機器,-
6929.T,6929,日本セラミック,プライム,電気機器,TOPIX Small 1
6932.T,6932,遠藤照明,スタンダード,電気機器,-
6941.T,6941,山一電機,プライム,電気機器,TOPIX Small 1
6942.T,6942,ソフィアホールディングス,スタンダード,情報・通信業,-
6943.T,6943,ＮＫＫスイッチズ,スタンダード,電気機器,-
6946.T,6946,日本アビオニクス,スタンダード,電気機器,-
6947.T,6947,図研,プライム,電気機器,TOPIX Small 1
6951.T,6951,日本電子,プライム,電気機器,TOPIX Mid400
6952.T,6952,カシオ計算機,プライム,電気機器,TOPIX Mid400
6954.T,6954,ファナック,プライム,電気機器,TOPIX Large70
6955.T,6955,ＦＤＫ,スタンダード,電気機器,-
6958.T,6958,日本シイエムケイ,プライム,電気機器,TOPIX Small 2
6960.T,6960,フクダ電子,スタンダード,電気機器,-
6961.T,6961,エンプラス,プライム,電気機器,TOPIX Small 2
6962.T,6962,大真空,プライム,電気機器,TOPIX Small 2
6963.T,6963,ローム,プライム,電気機器,TOPIX Mid400
6964.T,6964,サンコー,スタンダード,電気機器,-
6965.T,6965,浜松ホトニクス,プライム,電気機器,TOPIX Mid400
6966.T,6966,三井ハイテック,プライム,電気機器,TOPIX Small 1
6969.T,6969,松尾電機,スタンダード,電気機器,-
6971.T,6971,京セラ,プライム,電気機器,TOPIX Large70
6976.T,6976,太陽誘電,プライム,電気機器,TOPIX Mid400
6977.T,6977,日本抵抗器製作所,スタンダード,電気機器,-
6981.T,6981,村田製作所,プライム,電気機器,TOPIX Large70
6982.T,6982,リード,スタンダード,輸送用機器,-
6986.T,6986,双葉電子工業,プライム,電気機器,TOPIX Small 2
6988.T,6988,日東電工,プライム,化学,TOPIX Mid400
6989.T,6989,北陸電気工業,スタンダード,電気機器,-
6993.T,6993,大黒屋ホールディングス,スタンダード,小売業,-
6994.T,6994,指月電機製作所,スタンダード,電気機器,-
6995.T,6995,東海理化電機製作所,プライム,輸送用機器,TOPIX Small 1
6996.T,6996,ニチコン,プライム,電気機器,TOPIX Small 1
6997.T,6997,日本ケミコン,プライム,電気機器,TOPIX Small 2
6998.T,6998,日本タングステン,スタンダード,電気機器,-
6999.T,6999,ＫＯＡ,プライム,電気機器,TOPIX Small 1
7003.T,7003,三井Ｅ＆Ｓ,プライム,機械,TOPIX Mid400
7004.T,7004,カナデビア,プライム,機械,TOPIX Small 1
7011.T,7011,三菱重工業,プライム,機械,TOPIX Core30
7012.T,7012,川崎重工業,プライム,輸送用機器,TOPIX Mid400
7013.T,7013,ＩＨＩ,プライム,機械,TOPIX Mid400
7014.T,7014,名村造船所,スタンダード,輸送用機器,TOPIX Small 1
7018.T,7018,内海造船,スタンダード,輸送用機器,-
7021.T,7021,ニッチツ,スタンダード,機械,-
7022.T,7022,サノヤスホールディングス,スタンダード,機械,-
7030.T,7030,スプリックス,スタンダード,サービス業,-
7031.T,7031,インバウンドテック,グロース,サービス業,-
7033.T,7033,マネジメントソリューションズ,プライム,サービス業,TOPIX Small 2
7034.T,7034,プロレド・パートナーズ,プライム,サービス業,TOPIX Small 2
7035.T,7035,ａｎｄ　ｆａｃｔｏｒｙ,スタンダード,サービス業,-
7036.T,7036,イーエムネットジャパン,グロース,サービス業,-
7037.T,7037,テノ．ホールディングス,スタンダード,サービス業,-
7038.T,7038,フロンティア・マネジメント,プライム,サービス業,TOPIX Small 2
7039.T,7039,ブリッジインターナショナルグループ,グロース,サービス業,-
7040.T,7040,サン・ライフホールディング,スタンダード,サービス業,-
7041.T,7041,ＣＲＧホールディングス,グロース,サービス業,-
7042.T,7042,アクセスグループ・ホールディングス,スタンダード,サービス業,-
7043.T,7043,アルー,グロース,サービス業,-
7044.T,7044,ピアラ,スタンダード,サービス業,-
7046.T,7046,ＴＤＳＥ,グロース,サービス業,-
7047.T,7047,ポート,グロース,サービス業,-
7048.T,7048,ベルトラ,グロース,サービス業,-
7049.T,7049,識学,グロース,サービス業,-
7050.T,7050,フロンティアインターナショナル,グロース,サービス業,-
7057.T,7057,エヌ・シー・エヌ,スタンダード,サービス業,-
7058.T,7058,共栄セキュリティーサービス,スタンダード,サービス業,-
7059.T,7059,コプロ・ホールディングス,プライム,サービス業,-
7060.T,7060,ギークス,スタンダード,サービス業,-
7061.T,7061,日本ホスピスホールディングス,グロース,サービス業,-
7062.T,7062,フレアス,グロース,サービス業,-
7063.T,7063,Ｂｉｒｄｍａｎ,グロース,サービス業,-
7064.T,7064,ハウテレビジョン,スタンダード,サービス業,-
7065.T,7065,ユーピーアール,スタンダード,サービス業,-
7066.T,7066,ピアズ,グロース,サービス業,-
7067.T,7067,ブランディングテクノロジー,グロース,サービス業,-
7068.T,7068,フィードフォースグループ,グロース,サービス業,-
7069.T,7069,サイバー・バズ,グロース,サービス業,-
7071.T,7071,アンビスホールディングス,プライム,サービス業,TOPIX Small 2
7072.T,7072,インティメート・マージャー,グロース,サービス業,-
7073.T,7073,ジェイック,グロース,サービス業,-
7074.T,7074,トゥエンティーフォーセブンホールディングス,グロース,サービス業,-
7075.T,7075,ＱＬＳホールディングス,グロース,サービス業,-
7077.T,7077,ＡＬｉＮＫインターネット,グロース,サービス業,-
7078.T,7078,ＩＮＣＬＵＳＩＶＥ　Ｈｏｌｄｉｎｇｓ,グロース,サービス業,-
7079.T,7079,ＷＤＢココ,グロース,サービス業,-
7080.T,7080,スポーツフィールド,グロース,サービス業,-
7081.T,7081,コーユーレンティア,スタンダード,サービス業,-
7082.T,7082,ジモティー,グロース,サービス業,-
7083.T,7083,ＡＨＣグループ,グロース,サービス業,-
7084.T,7084,Ｓｍｉｌｅ　Ｈｏｌｄｉｎｇｓ,グロース,サービス業,-
7085.T,7085,カーブスホールディングス,プライム,サービス業,TOPIX Small 1
7087.T,7087,ウイルテック,スタンダード,サービス業,-
7089.T,7089,フォースタートアップス,グロース,サービス業,-
7090.T,7090,リグア,グロース,サービス業,-
7091.T,7091,リビングプラットフォーム,グロース,サービス業,-
7093.T,7093,アディッシュ,グロース,サービス業,-
7094.T,7094,ＮｅｘＴｏｎｅ,グロース,サービス業,-
7095.T,7095,Ｍａｃｂｅｅ　Ｐｌａｎｅｔ,プライム,サービス業,TOPIX Small 2
7096.T,7096,ステムセル研究所,グロース,サービス業,-
7097.T,7097,さくらさくプラス,グロース,サービス業,-
7102.T,7102,日本車輌製造,プライム,輸送用機器,TOPIX Small 2
7110.T,7110,クラシコム,グロース,小売業,-
7111.T,7111,ＩＮＥＳＴ,スタンダード,卸売業,-
7112.T,7112,キューブ,グロース,小売業,-
7114.T,7114,フーディソン,グロース,卸売業,-
7115.T,7115,アルファパーチェス,スタンダード,卸売業,-
7119.T,7119,ハルメクホールディングス,グロース,小売業,-
7120.T,7120,ＳＨＩＮＫＯ,スタンダード,卸売業,-
7122.T,7122,近畿車輛,スタンダード,輸送用機器,-
7126.T,7126,グローバルスタイル,スタンダード,小売業,-
7127.T,7127,一家ホールディングス,スタンダード,小売業,-
7128.T,7128,ユニソルホールディングス,プライム,卸売業,TOPIX Small 1
7129.T,7129,ミアヘルサホールディングス,スタンダード,小売業,-
7130.T,7130,ヤマエグループホールディングス,プライム,卸売業,TOPIX Small 1
7131.T,7131,のむら産業,スタンダード,卸売業,-
7133.T,7133,ＨＹＵＧＡ　ＰＲＩＭＡＲＹ　ＣＡＲＥ,グロース,小売業,-
7134.T,7134,アップガレージグループ,スタンダード,小売業,-
7135.T,7135,ジャパンクラフトホールディングス,スタンダード,小売業,-
7138.T,7138,ＴＯＲＩＣＯ,グロース,小売業,-
7140.T,7140,ペットゴー,グロース,小売業,-
7148.T,7148,ＦＰＧ,プライム,証券、商品先物取引業,TOPIX Small 1
7150.T,7150,島根銀行,スタンダード,銀行業,-
7157.T,7157,ライフネット生命保険,プライム,保険業,TOPIX Small 1
7161.T,7161,じもとホールディングス,スタンダード,銀行業,-
7162.T,7162,アストマックス,スタンダード,電気・ガス業,-
7164.T,7164,全国保証,プライム,その他金融業,TOPIX Mid400
7167.T,7167,めぶきフィナンシャルグループ,プライム,銀行業,TOPIX Mid400
7172.T,7172,ジャパンインベストメントアドバイザー,プライム,証券、商品先物取引業,TOPIX Small 1
7173.T,7173,東京きらぼしフィナンシャルグループ,プライム,銀行業,TOPIX Small 1
7175.T,7175,今村証券,スタンダード,証券、商品先物取引業,-
7177.T,7177,ＧＭＯフィナンシャルホールディングス,スタンダード,証券、商品先物取引業,-
7180.T,7180,九州フィナンシャルグループ,プライム,銀行業,TOPIX Mid400
7181.T,7181,かんぽ生命保険,プライム,保険業,TOPIX Mid400
7182.T,7182,ゆうちょ銀行,プライム,銀行業,TOPIX Large70
7183.T,7183,あんしん保証,スタンダード,その他金融業,-
7184.T,7184,富山第一銀行,プライム,銀行業,TOPIX Small 1
7185.T,7185,ヒロセ通商,スタンダード,証券、商品先物取引業,-
7186.T,7186,横浜フィナンシャルグループ,プライム,銀行業,TOPIX Mid400
7187.T,7187,ジェイリース,プライム,その他金融業,TOPIX Small 2
7189.T,7189,西日本フィナンシャルホールディングス,プライム,銀行業,TOPIX Mid400
7191.T,7191,イントラスト,スタンダード,その他金融業,-
7192.T,7192,日本モーゲージサービス,スタンダード,その他金融業,-
7196.T,7196,Ｃａｓａ,スタンダード,その他金融業,-
7198.T,7198,ＳＢＩアルヒ,プライム,その他金融業,TOPIX Small 2
7199.T,7199,プレミアグループ,プライム,その他金融業,TOPIX Small 1
7201.T,7201,日産自動車,プライム,輸送用機器,TOPIX Mid400
7202.T,7202,いすゞ自動車,プライム,輸送用機器,TOPIX Mid400
7203.T,7203,トヨタ自動車,プライム,輸送用機器,TOPIX Core30
7208.T,7208,カネミツ,スタンダード,輸送用機器,-
7211.T,7211,三菱自動車工業,プライム,輸送用機器,TOPIX Mid400
7212.T,7212,エフテック,スタンダード,輸送用機器,-
7213.T,7213,レシップホールディングス,スタンダード,輸送用機器,-
7214.T,7214,ＧＭＢ,スタンダード,輸送用機器,-
7215.T,7215,ファルテック,スタンダード,輸送用機器,-
7217.T,7217,テイン,スタンダード,輸送用機器,-
7218.T,7218,田中精密工業,スタンダード,輸送用機器,-
7219.T,7219,エッチ・ケー・エス,スタンダード,輸送用機器,-
7220.T,7220,武蔵精密工業,プライム,輸送用機器,TOPIX Small 1
7222.T,7222,日産車体,スタンダード,輸送用機器,TOPIX Small 2
7224.T,7224,新明和工業,プライム,輸送用機器,TOPIX Small 1
7226.T,7226,極東開発工業,プライム,輸送用機器,TOPIX Small 1
7228.T,7228,デイトナ,スタンダード,輸送用機器,-
7231.T,7231,トピー工業,プライム,輸送用機器,TOPIX Small 2
7235.T,7235,東京ラヂエーター製造,スタンダード,輸送用機器,-
7236.T,7236,ティラド,プライム,輸送用機器,TOPIX Small 2
7238.T,7238,曙ブレーキ工業,プライム,輸送用機器,TOPIX Small 2
7239.T,7239,タチエス,プライム,輸送用機器,TOPIX Small 1
7240.T,7240,ＮＯＫ,プライム,輸送用機器,TOPIX Mid400
7241.T,7241,フタバ産業,プライム,輸送用機器,TOPIX Small 1
7242.T,7242,カヤバ,プライム,輸送用機器,TOPIX Small 1
7244.T,7244,市光工業,プライム,電気機器,TOPIX Small 2
7245.T,7245,大同メタル工業,プライム,輸送用機器,TOPIX Small 2
7246.T,7246,プレス工業,プライム,輸送用機器,TOPIX Small 1
7247.T,7247,ミクニ,スタンダード,輸送用機器,-
7254.T,7254,ユニバンス,スタンダード,輸送用機器,-
7255.T,7255,桜井製作所,スタンダード,輸送用機器,-
7256.T,7256,河西工業,スタンダード,輸送用機器,-
7259.T,7259,アイシン,プライム,輸送用機器,TOPIX Mid400
7261.T,7261,マツダ,プライム,輸送用機器,TOPIX Mid400
7264.T,7264,ムロコーポレーション,スタンダード,輸送用機器,-
7265.T,7265,エイケン工業,スタンダード,輸送用機器,-
7266.T,7266,今仙電機製作所,スタンダード,輸送用機器,-
7267.T,7267,本田技研工業,プライム,輸送用機器,TOPIX Core30
7269.T,7269,スズキ,プライム,輸送用機器,TOPIX Large70
7270.T,7270,ＳＵＢＡＲＵ,プライム,輸送用機器,TOPIX Large70
7271.T,7271,安永,スタンダード,輸送用機器,-
7272.T,7272,ヤマハ発動機,プライム,輸送用機器,TOPIX Mid400
7273.T,7273,イクヨ,スタンダード,輸送用機器,-
7276.T,7276,小糸製作所,プライム,電気機器,TOPIX Mid400
7277.T,7277,ＴＢＫ,スタンダード,輸送用機器,-
7278.T,7278,エクセディ,プライム,輸送用機器,TOPIX Small 1
7279.T,7279,ハイレックスコーポレーション,スタンダード,輸送用機器,-
7280.T,7280,ミツバ,プライム,電気機器,TOPIX Small 1
7282.T,7282,豊田合成,プライム,輸送用機器,TOPIX Mid400
7283.T,7283,愛三工業,プライム,輸送用機器,TOPIX Small 1
7284.T,7284,盟和産業,スタンダード,輸送用機器,-
7287.T,7287,日本精機,スタンダード,輸送用機器,-
7291.T,7291,日本プラスト,スタンダード,輸送用機器,-
7292.T,7292,村上開明堂,スタンダード,輸送用機器,-
7294.T,7294,ヨロズ,プライム,輸送用機器,TOPIX Small 2
7296.T,7296,エフ・シー・シー,プライム,輸送用機器,TOPIX Small 1
7297.T,7297,カーメイト,スタンダード,輸送用機器,-
7299.T,7299,フジオーゼックス,スタンダード,輸送用機器,-
7305.T,7305,新家工業,スタンダード,鉄鋼,-
7309.T,7309,シマノ,プライム,輸送用機器,TOPIX Large70
7313.T,7313,テイ・エス　テック,プライム,輸送用機器,TOPIX Mid400
7314.T,7314,小田原機器,スタンダード,輸送用機器,-
7317.T,7317,松屋アールアンドディ,グロース,輸送用機器,-
7318.T,7318,セレンディップ・ホールディングス,グロース,輸送用機器,-
7320.T,7320,Ｓｏｌｖｖｙ,グロース,その他金融業,-
7322.T,7322,三十三フィナンシャルグループ,プライム,銀行業,TOPIX Small 2
7325.T,7325,アイリックコーポレーション,グロース,保険業,-
7326.T,7326,ＳＢＩインシュアランスグループ,グロース,保険業,-
7327.T,7327,第四北越フィナンシャルグループ,プライム,銀行業,TOPIX Small 1
7337.T,7337,ひろぎんホールディングス,プライム,銀行業,TOPIX Mid400
7343.T,7343,ブロードマインド,グロース,保険業,-
7345.T,7345,アイ・パートナーズフィナンシャル,グロース,その他金融業,-
7347.T,7347,マーキュリアホールディングス,プライム,証券、商品先物取引業,-
7350.T,7350,おきなわフィナンシャルグループ,プライム,銀行業,TOPIX Small 1
7351.T,7351,グッドパッチ,グロース,サービス業,-
7352.T,7352,ＴＷＯＳＴＯＮＥ＆Ｓｏｎｓ,グロース,サービス業,-
7353.T,7353,ＫＩＹＯラーニング,グロース,サービス業,-
7354.T,7354,ダイレクトマーケティングミックス,スタンダード,サービス業,TOPIX Small 2
7356.T,7356,Ｒｅｔｔｙ,グロース,サービス業,-
7357.T,7357,ジオコード,スタンダード,サービス業,-
7358.T,7358,ポピンズ,スタンダード,サービス業,TOPIX Small 2
7359.T,7359,東京通信グループ,グロース,サービス業,-
7360.T,7360,オンデック,グロース,サービス業,-
7361.T,7361,ヒューマンクリエイションホールディングス,グロース,サービス業,-
7362.T,7362,Ｔ．Ｓ．Ｉ,グロース,サービス業,-
7363.T,7363,ベビーカレンダー,グロース,サービス業,-
7366.T,7366,ＬＩＴＡＬＩＣＯ,プライム,サービス業,TOPIX Small 2
7367.T,7367,セルム,スタンダード,サービス業,-
7368.T,7368,表示灯,スタンダード,サービス業,-
7369.T,7369,メイホーホールディングス,グロース,サービス業,-
7370.T,7370,Ｅｎｊｉｎ,グロース,サービス業,-
7371.T,7371,Ｚｅｎｋｅｎ,グロース,サービス業,-
7372.T,7372,デコルテ・ホールディングス,グロース,サービス業,-
7373.T,7373,アイドマ・ホールディングス,グロース,サービス業,-
7374.T,7374,コンフィデンス・インターワークス,グロース,サービス業,-
7375.T,7375,リファインバースグループ,グロース,サービス業,-
7376.T,7376,ＢＣＣ,グロース,サービス業,-
7377.T,7377,ＤＮホールディングス,スタンダード,サービス業,-
7378.T,7378,アシロ,グロース,サービス業,-
7380.T,7380,十六フィナンシャルグループ,プライム,銀行業,TOPIX Small 1
7381.T,7381,ＣＣＩグループ,プライム,銀行業,TOPIX Small 1
7383.T,7383,ネットプロテクションズホールディングス,プライム,その他金融業,TOPIX Small 1
7384.T,7384,プロクレアホールディングス,プライム,銀行業,TOPIX Small 2
7388.T,7388,ＦＰパートナー,プライム,保険業,TOPIX Small 2
7389.T,7389,あいちフィナンシャルグループ,プライム,銀行業,TOPIX Small 1
7399.T,7399,ナンシン,スタンダード,輸送用機器,-
7409.T,7409,ＡｅｒｏＥｄｇｅ,グロース,輸送用機器,-
7412.T,7412,アトム,スタンダード,小売業,-
7413.T,7413,創健社,スタンダード,卸売業,-
7414.T,7414,小野建,プライム,卸売業,TOPIX Small 2
7416.T,7416,はるやまホールディングス,スタンダード,小売業,-
7417.T,7417,南陽,スタンダード,卸売業,-
7419.T,7419,ノジマ,プライム,小売業,TOPIX Small 1
7421.T,7421,カッパ・クリエイト,プライム,小売業,TOPIX Small 1
7422.T,7422,東邦レマック,スタンダード,卸売業,-
7425.T,7425,初穂商事,スタンダード,卸売業,-
7426.T,7426,山大,スタンダード,卸売業,-
7427.T,7427,エコートレーディング,スタンダード,卸売業,-
7433.T,7433,伯東,プライム,卸売業,TOPIX Small 1
7434.T,7434,オータケ,スタンダード,卸売業,-
7435.T,7435,ナ・デックス,スタンダード,卸売業,-
7438.T,7438,コンドーテック,プライム,卸売業,TOPIX Small 2
7442.T,7442,中山福,スタンダード,卸売業,-
7443.T,7443,横浜魚類,スタンダード,卸売業,-
7444.T,7444,ハリマ共和物産,スタンダード,卸売業,-
7446.T,7446,東北化学薬品,スタンダード,卸売業,-
7447.T,7447,ナガイレーベン,プライム,卸売業,TOPIX Small 2
7453.T,7453,良品計画,プライム,小売業,TOPIX Mid400
7456.T,7456,松田産業,プライム,卸売業,TOPIX Small 1
7458.T,7458,第一興商,プライム,卸売業,TOPIX Mid400
7459.T,7459,メディパルホールディングス,プライム,卸売業,TOPIX Mid400
7460.T,7460,ヤギ,スタンダード,卸売業,-
7461.T,7461,キムラ,スタンダード,卸売業,-
7462.T,7462,ＣＡＰＩＴＡ,スタンダード,小売業,-
7463.T,7463,アドヴァングループ,スタンダード,小売業,TOPIX Small 2
7464.T,7464,セフテック,スタンダード,卸売業,-
7466.T,7466,ＳＰＫ,プライム,卸売業,TOPIX Small 2
7472.T,7472,鳥羽洋行,スタンダード,卸売業,-
7475.T,7475,アルビス,プライム,小売業,TOPIX Small 2
7476.T,7476,アズワン,プライム,卸売業,TOPIX Mid400
7477.T,7477,ムラキ,スタンダード,卸売業,-
7480.T,7480,スズデン,スタンダード,卸売業,TOPIX Small 2
7481.T,7481,尾家産業,スタンダード,卸売業,-
7482.T,7482,シモジマ,プライム,卸売業,TOPIX Small 2
7483.T,7483,ドウシシャ,プライム,卸売業,TOPIX Small 2
7486.T,7486,サンリン,スタンダード,卸売業,-
7487.T,7487,小津産業,スタンダード,卸売業,-
7490.T,7490,日新商事,スタンダード,卸売業,-
7494.T,7494,コナカ,スタンダード,小売業,-
7500.T,7500,西川計測,スタンダード,卸売業,-
7501.T,7501,ティムコ,スタンダード,卸売業,-
7502.T,7502,プラザホールディングス,スタンダード,サービス業,-
7504.T,7504,高速,プライム,卸売業,TOPIX Small 2
7505.T,7505,扶桑電通,スタンダード,卸売業,-
7506.T,7506,ハウス　オブ　ローゼ,スタンダード,小売業,-
7508.T,7508,Ｇ‐７ホールディングス,プライム,小売業,TOPIX Small 2
7509.T,7509,アイエーグループ,スタンダード,小売業,-
7510.T,7510,たけびし,プライム,卸売業,TOPIX Small 2
7512.T,7512,イオン北海道,スタンダード,小売業,TOPIX Small 1
7513.T,7513,コジマ,プライム,小売業,TOPIX Small 1
7514.T,7514,ヒマラヤ,スタンダード,小売業,-
7515.T,7515,マルヨシセンター,スタンダード,小売業,-
7516.T,7516,コーナン商事,プライム,小売業,TOPIX Small 1
7520.T,7520,エコス,プライム,小売業,TOPIX Small 2
7521.T,7521,ムサシ,スタンダード,卸売業,-
7522.T,7522,ワタミ,プライム,小売業,TOPIX Small 2
7523.T,7523,アールビバン,スタンダード,小売業,-
7524.T,7524,マルシェ,スタンダード,小売業,-
7525.T,7525,リックス,プライム,卸売業,TOPIX Small 2
7527.T,7527,システムソフト,スタンダード,情報・通信業,TOPIX Small 2
7531.T,7531,清和中央ホールディングス,スタンダード,卸売業,-
7532.T,7532,パン・パシフィック・インターナショナルホールディングス,プライム,小売業,TOPIX Mid400
7537.T,7537,丸文,プライム,卸売業,TOPIX Small 2
7538.T,7538,大水,スタンダード,卸売業,-
7539.T,7539,アイナボホールディングス,スタンダード,卸売業,-
7544.T,7544,スリーエフ,スタンダード,小売業,-
7545.T,7545,西松屋チェーン,プライム,小売業,TOPIX Small 1
7550.T,7550,ゼンショーホールディングス,プライム,小売業,TOPIX Mid400
75505.T,75505,ゼンショーホールディングス第１回社債型種類株式,プライム,小売業,-
7551.T,7551,ウェッズ,スタンダード,輸送用機器,-
7552.T,7552,ハピネット,プライム,卸売業,TOPIX Small 1
7554.T,7554,幸楽苑,プライム,小売業,TOPIX Small 2
7555.T,7555,大田花き,スタンダード,卸売業,-
7561.T,7561,ハークスレイ,スタンダード,小売業,-
7562.T,7562,安楽亭,スタンダード,小売業,-
7564.T,7564,ワークマン,スタンダード,小売業,-
7565.T,7565,萬世電機,スタンダード,卸売業,-
7567.T,7567,栄電子,スタンダード,卸売業,-
7570.T,7570,橋本総業ホールディングス,スタンダード,卸売業,TOPIX Small 2
7571.T,7571,ヤマノホールディングス,スタンダード,小売業,-
7575.T,7575,日本ライフライン,プライム,卸売業,TOPIX Small 1
7578.T,7578,ニチリョク,スタンダード,小売業,-
7581.T,7581,サイゼリヤ,プライム,小売業,TOPIX Small 1
7585.T,7585,かんなん丸,スタンダード,小売業,-
7590.T,7590,タカショー,スタンダード,卸売業,TOPIX Small 2
7593.T,7593,ＶＴホールディングス,プライム,小売業,TOPIX Small 1
7595.T,7595,アルゴグラフィックス,プライム,情報・通信業,TOPIX Small 1
7596.T,7596,魚力,プライム,小売業,TOPIX Small 2
7599.T,7599,ＩＤＯＭ,プライム,卸売業,TOPIX Small 1
7600.T,7600,日本エム・ディ・エム,プライム,精密機器,TOPIX Small 2
7601.T,7601,ポプラ,スタンダード,小売業,-
7602.T,7602,レダックス,スタンダード,卸売業,-
7603.T,7603,ジーイエット,スタンダード,小売業,-
7604.T,7604,梅の花グループ,スタンダード,小売業,-
7606.T,7606,ユナイテッドアローズ,プライム,小売業,TOPIX Small 1
7607.T,7607,進和,プライム,卸売業,TOPIX Small 2
7608.T,7608,エスケイジャパン,スタンダード,卸売業,-
7609.T,7609,ダイトロン,プライム,卸売業,TOPIX Small 2
7610.T,7610,テイツー,スタンダード,小売業,-
7611.T,7611,ハイデイ日高,プライム,小売業,TOPIX Small 1
7613.T,7613,シークス,プライム,卸売業,TOPIX Small 1
7614.T,7614,オーエムツーネットワーク,スタンダード,小売業,-
7615.T,7615,京都きもの友禅ホールディングス,スタンダード,小売業,-
7616.T,7616,コロワイド,プライム,小売業,TOPIX Mid400
7619.T,7619,田中商事,スタンダード,卸売業,-
7621.T,7621,うかい,スタンダード,小売業,-
7624.T,7624,ＮａＩＴＯ,スタンダード,卸売業,-
7625.T,7625,グローバルダイニング,スタンダード,小売業,-
7628.T,7628,オーハシテクニカ,プライム,卸売業,TOPIX Small 2
7630.T,7630,壱番屋,プライム,小売業,TOPIX Small 1
7634.T,7634,星医療酸器,スタンダード,卸売業,-
7636.T,7636,ハンズマン,スタンダード,小売業,-
7637.T,7637,白銅,プライム,卸売業,TOPIX Small 2
7638.T,7638,ＮＥＷ　ＡＲＴ　ＨＯＬＤＩＮＧＳ,スタンダード,小売業,-
7640.T,7640,トップカルチャー,スタンダード,小売業,-
7643.T,7643,ダイイチ,スタンダード,小売業,-
7646.T,7646,ＰＬＡＮＴ,スタンダード,小売業,-
7649.T,7649,スギホールディングス,プライム,小売業,TOPIX Mid400
7670.T,7670,オーウエル,スタンダード,卸売業,-
7673.T,7673,ダイコー通産,スタンダード,卸売業,-
7674.T,7674,ＮＡＴＴＹ　ＳＷＡＮＫＹホールディングス,グロース,小売業,-
7677.T,7677,ヤシマキザイ,スタンダード,卸売業,-
7678.T,7678,あさくま,スタンダード,小売業,-
7679.T,7679,薬王堂ホールディングス,プライム,小売業,TOPIX Small 2
7681.T,7681,レオクラン,スタンダード,卸売業,-
7682.T,7682,浜木綿,スタンダード,小売業,-
7683.T,7683,ダブルエー,プライム,小売業,TOPIX Small 2
7685.T,7685,ＢｕｙＳｅｌｌ　Ｔｅｃｈｎｏｌｏｇｉｅｓ,グロース,卸売業,-
7686.T,7686,ひとまいる,スタンダード,小売業,-
7687.T,7687,ミクリード,グロース,卸売業,-
7689.T,7689,コパ・コーポレーション,グロース,卸売業,-
7692.T,7692,アースインフィニティ,スタンダード,電気・ガス業,-
7694.T,7694,いつも,グロース,小売業,-
7695.T,7695,交換できるくん,グロース,小売業,-
7698.T,7698,アイスコ,スタンダード,卸売業,-
7701.T,7701,島津製作所,プライム,精密機器,TOPIX Mid400
7702.T,7702,ＪＭＳ,スタンダード,精密機器,TOPIX Small 2
7707.T,7707,プレシジョン・システム・サイエンス,グロース,精密機器,-
7709.T,7709,クボテック,スタンダード,精密機器,-
7711.T,7711,助川電気工業,スタンダード,精密機器,-
7713.T,7713,シグマ光機,スタンダード,精密機器,-
7715.T,7715,長野計器,プライム,精密機器,TOPIX Small 2
7716.T,7716,ナカニシ,スタンダード,精密機器,-
7717.T,7717,ブイ・テクノロジー,プライム,精密機器,TOPIX Small 2
7719.T,7719,東京衡機,スタンダード,精密機器,-
7721.T,7721,東京計器,プライム,精密機器,TOPIX Small 1
7722.T,7722,国際計測器,スタンダード,精密機器,-
7723.T,7723,愛知時計電機,プライム,精密機器,TOPIX Small 2
7725.T,7725,インターアクション,プライム,精密機器,TOPIX Small 2
7726.T,7726,黒田精工,スタンダード,機械,-
7727.T,7727,オーバル,スタンダード,精密機器,-
7729.T,7729,東京精密,プライム,精密機器,TOPIX Mid400
7730.T,7730,マニー,プライム,精密機器,TOPIX Small 1
7731.T,7731,ニコン,プライム,精密機器,TOPIX Mid400
7733.T,7733,オリンパス,プライム,精密機器,TOPIX Large70
7734.T,7734,理研計器,プライム,精密機器,TOPIX Small 1
7735.T,7735,ＳＣＲＥＥＮホールディングス,プライム,電気機器,TOPIX Mid400
7740.T,7740,タムロン,プライム,精密機器,TOPIX Small 1
7741.T,7741,ＨＯＹＡ,プライム,精密機器,TOPIX Core30
7743.T,7743,シード,スタンダード,精密機器,-
7744.T,7744,ノーリツ鋼機,プライム,精密機器,TOPIX Small 1
7745.T,7745,Ａ＆Ｄホロンホールディングス,プライム,精密機器,TOPIX Small 1
7746.T,7746,岡本硝子,スタンダード,精密機器,-
7747.T,7747,朝日インテック,プライム,精密機器,TOPIX Mid400
7749.T,7749,メディキット,スタンダード,精密機器,-
7751.T,7751,キヤノン,プライム,電気機器,TOPIX Large70
7752.T,7752,リコー,プライム,電気機器,TOPIX Mid400
7760.T,7760,ＩＭＶ,スタンダード,精密機器,-
7762.T,7762,シチズン時計,プライム,精密機器,TOPIX Small 1
7769.T,7769,リズム,プライム,精密機器,-
7771.T,7771,日本精密,スタンダード,精密機器,-
7774.T,7774,ジャパン・ティッシュエンジニアリング,グロース,精密機器,-
7775.T,7775,大研医器,スタンダード,精密機器,-
7776.T,7776,セルシード,グロース,精密機器,-
7777.T,7777,スリー・ディー・マトリックス,グロース,精密機器,-
7779.T,7779,ＣＹＢＥＲＤＹＮＥ,グロース,精密機器,-
7780.T,7780,メニコン,プライム,精密機器,TOPIX Small 1
7781.T,7781,平山ホールディングス,スタンダード,精密機器,-
7782.T,7782,シンシア,スタンダード,精密機器,-
7791.T,7791,ドリームベッド,スタンダード,その他製品,-
7792.T,7792,コラントッテ,グロース,その他製品,-
7793.T,7793,イメージ・マジック,グロース,その他製品,-
7794.T,7794,イーディーピー,グロース,その他製品,-
7795.T,7795,ＫＹＯＲＩＴＳＵ,スタンダード,その他製品,-
7800.T,7800,アミファ,スタンダード,その他製品,-
7803.T,7803,ブシロード,グロース,その他製品,-
7804.T,7804,ビーアンドピー,スタンダード,その他製品,-
7805.T,7805,プリントネット,スタンダード,その他製品,-
7806.T,7806,ＭＴＧ,グロース,その他製品,-
7807.T,7807,幸和製作所,スタンダード,その他製品,-
7808.T,7808,シー・エス・ランバー,スタンダード,その他製品,-
7809.T,7809,壽屋,スタンダード,その他製品,-
7810.T,7810,クロスフォー,スタンダード,その他製品,-
7811.T,7811,中本パックス,スタンダード,その他製品,-
7812.T,7812,クレステック,スタンダード,その他製品,-
7813.T,7813,プラッツ,スタンダード,その他製品,-
7814.T,7814,日本創発グループ,スタンダード,その他製品,-
7815.T,7815,東京ボード工業,スタンダード,その他製品,-
7818.T,7818,トランザクション,プライム,その他製品,TOPIX Small 2
7819.T,7819,粧美堂,スタンダード,その他製品,-
7820.T,7820,ニホンフラッシュ,プライム,その他製品,TOPIX Small 2
7821.T,7821,前田工繊,プライム,その他製品,TOPIX Small 1
7822.T,7822,永大産業,スタンダード,その他製品,-
7823.T,7823,アートネイチャー,スタンダード,その他製品,TOPIX Small 2
7826.T,7826,フルヤ金属,プライム,その他製品,TOPIX Small 1
7827.T,7827,オービス,スタンダード,その他製品,-
7831.T,7831,ウイルコホールディングス,スタンダード,その他製品,-
7832.T,7832,バンダイナムコホールディングス,プライム,その他製品,TOPIX Large70
7833.T,7833,アイフィスジャパン,スタンダード,その他製品,-
7836.T,7836,アビックス,スタンダード,その他製品,-
7837.T,7837,アールシーコア,スタンダード,その他製品,-
7839.T,7839,ＳＨＯＥＩ,プライム,その他製品,TOPIX Small 1
7840.T,7840,フランスベッドホールディングス,プライム,その他製品,TOPIX Small 2
7841.T,7841,遠藤製作所,スタンダード,その他製品,-
7844.T,7844,マーベラス,プライム,情報・通信業,TOPIX Small 2
7846.T,7846,パイロットコーポレーション,プライム,その他製品,TOPIX Mid400
7847.T,7847,グラファイトデザイン,スタンダード,その他製品,-
7849.T,7849,スターツ出版,スタンダード,情報・通信業,-
7850.T,7850,総合商研,スタンダード,その他製品,-
7851.T,7851,カワセコンピュータサプライ,スタンダード,その他製品,-
7856.T,7856,萩原工業,プライム,その他製品,TOPIX Small 2
7857.T,7857,セキ,スタンダード,その他製品,-
7859.T,7859,アルメディオ,スタンダード,その他製品,-
7860.T,7860,エイベックス,プライム,情報・通信業,TOPIX Small 1
7863.T,7863,平賀,スタンダード,その他製品,-
7864.T,7864,フジシールインターナショナル,プライム,その他製品,TOPIX Small 1
7865.T,7865,ピープル,スタンダード,その他製品,-
7867.T,7867,タカラトミー,プライム,その他製品,TOPIX Mid400
7868.T,7868,広済堂ホールディングス,プライム,その他製品,TOPIX Small 2
7871.T,7871,フクビ化学工業,スタンダード,化学,-
7872.T,7872,エステールホールディングス,スタンダード,その他製品,-
7874.T,7874,レック,プライム,化学,TOPIX Small 2
7875.T,7875,竹田ｉＰホールディングス,スタンダード,その他製品,-
7877.T,7877,永大化工,スタンダード,化学,-
7878.T,7878,光・彩,スタンダード,その他製品,-
7879.T,7879,ノダ,スタンダード,その他製品,-
7883.T,7883,サンメッセ,スタンダード,その他製品,-
7885.T,7885,タカノ,スタンダード,その他製品,-
7886.T,7886,ヤマト　モビリティ　＆　Ｍｆｇ．,スタンダード,化学,-
7887.T,7887,南海プライウッド,スタンダード,その他製品,-
7888.T,7888,三光合成,プライム,化学,TOPIX Small 2
7893.T,7893,プロネクサス,プライム,その他製品,TOPIX Small 2
7896.T,7896,セブン工業,スタンダード,その他製品,-
7897.T,7897,ホクシン,スタンダード,その他製品,-
7898.T,7898,ウッドワン,スタンダード,その他製品,-
7901.T,7901,マツモト,スタンダード,その他製品,-
7902.T,7902,ソノコム,スタンダード,その他製品,-
7906.T,7906,ヨネックス,スタンダード,その他製品,-
7908.T,7908,きもと,スタンダード,化学,-
7911.T,7911,ＴＯＰＰＡＮホールディングス,プライム,その他製品,TOPIX Mid400
7912.T,7912,大日本印刷,プライム,その他製品,TOPIX Mid400
7914.T,7914,共同印刷,プライム,その他製品,TOPIX Small 2
7915.T,7915,ＮＩＳＳＨＡ,プライム,その他製品,TOPIX Small 1
7916.T,7916,光村印刷,スタンダード,その他製品,-
7917.T,7917,ＺＡＣＲＯＳ,プライム,化学,TOPIX Small 2
7918.T,7918,ヴィア・ホールディングス,スタンダード,小売業,-
7919.T,7919,野崎印刷紙業,スタンダード,その他製品,-
7921.T,7921,ＴＡＫＡＲＡ　＆　ＣＯＭＰＡＮＹ,プライム,その他製品,TOPIX Small 2
7927.T,7927,ムトー精工,スタンダード,化学,-
7928.T,7928,旭化学工業,スタンダード,化学,-
7931.T,7931,未来工業,プライム,化学,TOPIX Small 2
7932.T,7932,ニッピ,スタンダード,その他製品,-
7936.T,7936,アシックス,プライム,その他製品,TOPIX Large70
7937.T,7937,ツツミ,スタンダード,その他製品,TOPIX Small 2
7938.T,7938,リーガルコーポレーション,スタンダード,その他製品,-
7939.T,7939,研創,スタンダード,その他製品,-
7940.T,7940,ウェーブロックホールディングス,スタンダード,化学,-
7942.T,7942,ＪＳＰ,プライム,化学,TOPIX Small 2
7943.T,7943,ニチハ,プライム,ガラス・土石製品,TOPIX Small 1
7944.T,7944,ローランド,プライム,その他製品,TOPIX Small 1
7946.T,7946,光陽社,スタンダード,その他製品,-
7947.T,7947,エフピコ,プライム,化学,TOPIX Small 1
7949.T,7949,小松ウオール工業,プライム,その他製品,TOPIX Small 2
7951.T,7951,ヤマハ,プライム,その他製品,TOPIX Mid400
7952.T,7952,河合楽器製作所,プライム,その他製品,TOPIX Small 2
7953.T,7953,菊水化学工業,スタンダード,その他製品,-
7955.T,7955,クリナップ,プライム,その他製品,TOPIX Small 2
7956.T,7956,ピジョン,プライム,その他製品,TOPIX Mid400
7957.T,7957,フジコピアン,スタンダード,その他製品,-
7962.T,7962,キングジム,プライム,その他製品,TOPIX Small 2
7963.T,7963,興研,スタンダード,その他製品,-
7965.T,7965,象印マホービン,プライム,電気機器,TOPIX Small 1
7966.T,7966,リンテック,プライム,その他製品,TOPIX Small 1
7970.T,7970,信越ポリマー,プライム,化学,TOPIX Small 1
7971.T,7971,東リ,スタンダード,化学,-
7972.T,7972,イトーキ,プライム,その他製品,TOPIX Small 1
7974.T,7974,任天堂,プライム,その他製品,TOPIX Core30
7975.T,7975,リヒトラブ,スタンダード,その他製品,-
7976.T,7976,三菱鉛筆,プライム,その他製品,TOPIX Small 1
7979.T,7979,松風,プライム,精密機器,TOPIX Small 2
7980.T,7980,重松製作所,スタンダード,その他製品,-
7981.T,7981,タカラスタンダード,プライム,その他製品,TOPIX Small 1
7983.T,7983,ミロク,スタンダード,その他製品,-
7984.T,7984,コクヨ,プライム,その他製品,TOPIX Mid400
7985.T,7985,ネポン,スタンダード,金属製品,-
7986.T,7986,日本アイ・エス・ケイ,スタンダード,その他製品,-
7987.T,7987,ナカバヤシ,スタンダード,その他製品,TOPIX Small 2
7988.T,7988,ニフコ,プライム,化学,TOPIX Mid400
7989.T,7989,立川ブラインド工業,プライム,金属製品,TOPIX Small 2
7990.T,7990,グローブライド,プライム,その他製品,TOPIX Small 1
7991.T,7991,マミヤ・オーピー,スタンダード,機械,-
7992.T,7992,セーラー万年筆,スタンダード,その他製品,-
7994.T,7994,オカムラ,プライム,その他製品,TOPIX Small 1
7995.T,7995,バルカー,プライム,化学,TOPIX Small 1
7997.T,7997,くろがね工作所,スタンダード,その他製品,-
8001.T,8001,伊藤忠商事,プライム,卸売業,TOPIX Core30
8002.T,8002,丸紅,プライム,卸売業,TOPIX Large70
8005.T,8005,スクロール,プライム,小売業,TOPIX Small 2
8006.T,8006,ユアサ・フナショク,スタンダード,卸売業,-
8007.T,8007,高島,プライム,卸売業,-
8008.T,8008,ヨンドシーホールディングス,プライム,小売業,TOPIX Small 1
8011.T,8011,三陽商会,プライム,繊維製品,TOPIX Small 2
8012.T,8012,長瀬産業,プライム,卸売業,TOPIX Mid400
8013.T,8013,ナイガイ,スタンダード,繊維製品,-
8014.T,8014,蝶理,プライム,卸売業,TOPIX Small 2
8015.T,8015,豊田通商,プライム,卸売業,TOPIX Large70
8016.T,8016,オンワードホールディングス,プライム,繊維製品,TOPIX Small 1
8018.T,8018,三共生興,スタンダード,卸売業,TOPIX Small 2
8020.T,8020,兼松,プライム,卸売業,TOPIX Mid400
8022.T,8022,美津濃,プライム,その他製品,TOPIX Small 1
8023.T,8023,ＤＡＩＫＯ　ＸＴＥＣＨ,スタンダード,情報・通信業,-
8025.T,8025,ツカモトコーポレーション,スタンダード,卸売業,-
8029.T,8029,ルックホールディングス,スタンダード,繊維製品,TOPIX Small 2
8030.T,8030,中央魚類,スタンダード,卸売業,-
8031.T,8031,三井物産,プライム,卸売業,TOPIX Core30
8032.T,8032,日本紙パルプ商事,プライム,卸売業,TOPIX Small 2
8035.T,8035,東京エレクトロン,プライム,電気機器,TOPIX Core30
8037.T,8037,カメイ,プライム,卸売業,TOPIX Small 2
8039.T,8039,築地魚市場,スタンダード,卸売業,-
8040.T,8040,東京ソワール,スタンダード,繊維製品,-
8041.T,8041,ＯＵＧホールディングス,スタンダード,卸売業,-
8043.T,8043,スターゼン,プライム,卸売業,TOPIX Small 2
8045.T,8045,横浜丸魚,スタンダード,卸売業,-
8046.T,8046,丸藤シートパイル,スタンダード,卸売業,-
8050.T,8050,セイコーグループ,プライム,精密機器,TOPIX Small 1
8051.T,8051,山善,プライム,卸売業,TOPIX Small 1
8052.T,8052,椿本興業,プライム,卸売業,TOPIX Small 2
8053.T,8053,住友商事,プライム,卸売業,TOPIX Large70
8056.T,8056,ＢＩＰＲＯＧＹ,プライム,情報・通信業,TOPIX Mid400
8057.T,8057,内田洋行,プライム,卸売業,TOPIX Small 1
8058.T,8058,三菱商事,プライム,卸売業,TOPIX Core30
8059.T,8059,第一実業,プライム,卸売業,TOPIX Small 2
8060.T,8060,キヤノンマーケティングジャパン,プライム,卸売業,TOPIX Mid400
8061.T,8061,西華産業,プライム,卸売業,TOPIX Small 1
8065.T,8065,佐藤商事,プライム,卸売業,TOPIX Small 2
8066.T,8066,三谷商事,スタンダード,卸売業,-
8070.T,8070,東京産業,プライム,卸売業,TOPIX Small 2
8074.T,8074,ＹＵＡＳＡ,プライム,卸売業,TOPIX Small 1
8075.T,8075,神鋼商事,プライム,卸売業,TOPIX Small 2
8076.T,8076,カノークス,スタンダード,卸売業,-
8077.T,8077,トルク,スタンダード,卸売業,-
8078.T,8078,阪和興業,プライム,卸売業,TOPIX Small 1
8079.T,8079,正栄食品工業,プライム,卸売業,TOPIX Small 1
8081.T,8081,カナデン,プライム,卸売業,TOPIX Small 2
8084.T,8084,ＲＹＯＤＥＮ,プライム,卸売業,TOPIX Small 2
8085.T,8085,ナラサキ産業,スタンダード,卸売業,-
8086.T,8086,ニプロ,プライム,精密機器,TOPIX Mid400
8088.T,8088,岩谷産業,プライム,卸売業,TOPIX Mid400
8089.T,8089,ナイス,スタンダード,卸売業,-
8091.T,8091,ニチモウ,プライム,卸売業,-
8093.T,8093,極東貿易,プライム,卸売業,TOPIX Small 2
8095.T,8095,アステナホールディングス,プライム,卸売業,TOPIX Small 2
8097.T,8097,三愛オブリ,プライム,卸売業,TOPIX Small 1
8098.T,8098,稲畑産業,プライム,卸売業,TOPIX Small 1
8101.T,8101,ＧＳＩクレオス,プライム,卸売業,TOPIX Small 2
8103.T,8103,明和産業,プライム,卸売業,TOPIX Small 2
8104.T,8104,クワザワホールディングス,スタンダード,卸売業,-
8105.T,8105,Ｂｉｔｃｏｉｎ　Ｊａｐａｎ,スタンダード,卸売業,-
8107.T,8107,キムラタン,スタンダード,繊維製品,-
8111.T,8111,ゴールドウイン,プライム,繊維製品,TOPIX Mid400
8113.T,8113,ユニ・チャーム,プライム,化学,TOPIX Large70
8115.T,8115,ムーンバット,スタンダード,卸売業,-
8117.T,8117,中央自動車工業,スタンダード,卸売業,-
8118.T,8118,キング,スタンダード,繊維製品,-
8119.T,8119,三栄コーポレーション,スタンダード,卸売業,-
8123.T,8123,川辺,スタンダード,卸売業,-
8125.T,8125,ワキタ,プライム,卸売業,TOPIX Small 1
8127.T,8127,ヤマトインターナショナル,スタンダード,繊維製品,-
8129.T,8129,東邦ホールディングス,プライム,卸売業,TOPIX Mid400
8130.T,8130,サンゲツ,プライム,卸売業,TOPIX Small 1
8131.T,8131,ミツウロコグループホールディングス,スタンダード,卸売業,TOPIX Small 2
8132.T,8132,シナネンホールディングス,プライム,卸売業,TOPIX Small 2
8133.T,8133,伊藤忠エネクス,プライム,卸売業,TOPIX Small 1
8135.T,8135,ゼット,スタンダード,卸売業,-
8136.T,8136,サンリオ,プライム,卸売業,TOPIX Mid400
8137.T,8137,サンワテクノス,プライム,卸売業,TOPIX Small 2
8138.T,8138,三京化成,スタンダード,卸売業,-
8139.T,8139,ナガホリ,スタンダード,卸売業,-
8141.T,8141,新光商事,プライム,卸売業,TOPIX Small 2
8142.T,8142,トーホー,プライム,卸売業,TOPIX Small 2
8143.T,8143,ラピーヌ,スタンダード,繊維製品,-
8144.T,8144,デンキョーグループホールディングス,スタンダード,卸売業,-
8147.T,8147,トミタ,スタンダード,卸売業,-
8150.T,8150,三信電気,プライム,卸売業,TOPIX Small 2
8151.T,8151,東陽テクニカ,プライム,卸売業,TOPIX Small 2
8152.T,8152,ソマール,スタンダード,卸売業,-
8153.T,8153,モスフードサービス,プライム,卸売業,TOPIX Small 1
8154.T,8154,加賀電子,プライム,卸売業,TOPIX Small 1
8157.T,8157,都築電気,プライム,情報・通信業,TOPIX Small 2
8158.T,8158,ソーダニッカ,プライム,卸売業,TOPIX Small 2
8159.T,8159,立花エレテック,プライム,卸売業,TOPIX Small 2
8160.T,8160,木曽路,プライム,小売業,TOPIX Small 1
8163.T,8163,ＳＲＳホールディングス,プライム,小売業,TOPIX Small 2
8165.T,8165,千趣会,スタンダード,小売業,TOPIX Small 2
8166.T,8166,タカキュー,スタンダード,小売業,-
8167.T,8167,リテールパートナーズ,プライム,小売業,TOPIX Small 2
8173.T,8173,Ｊｏｓｈｉｎ,プライム,小売業,TOPIX Small 1
8174.T,8174,日本瓦斯,プライム,小売業,TOPIX Mid400
8179.T,8179,ロイヤルホールディングス,プライム,小売業,TOPIX Small 1
8181.T,8181,東天紅,スタンダード,小売業,-
8185.T,8185,チヨダ,プライム,小売業,TOPIX Small 2
8194.T,8194,ライフコーポレーション,プライム,小売業,TOPIX Small 1
8198.T,8198,マックスバリュ東海,スタンダード,小売業,-
8200.T,8200,リンガーハット,プライム,小売業,TOPIX Small 1
8202.T,8202,ラオックスホールディングス,スタンダード,小売業,-
8203.T,8203,ＭｒＭａｘＨＤ,プライム,小売業,TOPIX Small 2
8207.T,8207,テンアライド,スタンダード,小売業,-
8214.T,8214,ＡＯＫＩホールディングス,プライム,小売業,TOPIX Small 1
8217.T,8217,オークワ,プライム,小売業,TOPIX Small 2
8218.T,8218,コメリ,プライム,小売業,TOPIX Small 1
8219.T,8219,青山商事,プライム,小売業,TOPIX Small 1
8225.T,8225,タカチホ,スタンダード,卸売業,-
8226.T,8226,理経,スタンダード,卸売業,-
8227.T,8227,しまむら,プライム,小売業,TOPIX Mid400
8230.T,8230,はせがわ,スタンダード,小売業,-
8233.T,8233,高島屋,プライム,小売業,TOPIX Mid400
8237.T,8237,松屋,プライム,小売業,TOPIX Small 1
8242.T,8242,エイチ・ツー・オー　リテイリング,プライム,小売業,TOPIX Mid400
8244.T,8244,近鉄百貨店,スタンダード,小売業,TOPIX Small 2
8247.T,8247,大和,スタンダード,小売業,-
8252.T,8252,丸井グループ,プライム,小売業,TOPIX Mid400
8253.T,8253,クレディセゾン,プライム,その他金融業,TOPIX Mid400
8254.T,8254,さいか屋,スタンダード,小売業,-
8255.T,8255,アクシアル　リテイリング,プライム,小売業,TOPIX Small 2
8260.T,8260,井筒屋,スタンダード,小売業,-
8267.T,8267,イオン,プライム,小売業,TOPIX Large70
8273.T,8273,イズミ,プライム,小売業,TOPIX Small 1
8275.T,8275,フォーバル,スタンダード,卸売業,TOPIX Small 2
8276.T,8276,平和堂,プライム,小売業,TOPIX Small 1
8278.T,8278,フジ,プライム,小売業,TOPIX Small 1
8281.T,8281,ゼビオホールディングス,プライム,小売業,TOPIX Small 1
8282.T,8282,ケーズホールディングス,プライム,小売業,TOPIX Mid400
8283.T,8283,ＰＡＬＴＡＣ,プライム,卸売業,TOPIX Mid400
8285.T,8285,三谷産業,スタンダード,卸売業,TOPIX Small 2
8291.T,8291,日産東京販売ホールディングス,スタンダード,小売業,-
8303.T,8303,ＳＢＩ新生銀行,プライム,銀行業,TOPIX Mid400
8304.T,8304,あおぞら銀行,プライム,銀行業,TOPIX Mid400
8306.T,8306,三菱ＵＦＪフィナンシャル・グループ,プライム,銀行業,TOPIX Core30
8308.T,8308,りそなホールディングス,プライム,銀行業,TOPIX Large70
8309.T,8309,三井住友トラストグループ,プライム,銀行業,TOPIX Large70
8316.T,8316,三井住友フィナンシャルグループ,プライム,銀行業,TOPIX Core30
8331.T,8331,千葉銀行,プライム,銀行業,TOPIX Mid400
8334.T,8334,群馬銀行,プライム,銀行業,TOPIX Mid400
8336.T,8336,武蔵野銀行,プライム,銀行業,TOPIX Small 1
8337.T,8337,千葉興業銀行,プライム,銀行業,TOPIX Small 1
8338.T,8338,筑波銀行,プライム,銀行業,TOPIX Small 2
8341.T,8341,七十七銀行,プライム,銀行業,TOPIX Mid400
8343.T,8343,秋田銀行,プライム,銀行業,TOPIX Small 2
8344.T,8344,山形銀行,プライム,銀行業,TOPIX Small 2
8345.T,8345,岩手銀行,プライム,銀行業,TOPIX Small 2
8346.T,8346,東邦銀行,プライム,銀行業,TOPIX Small 1
8349.T,8349,東北銀行,スタンダード,銀行業,-
8354.T,8354,ふくおかフィナンシャルグループ,プライム,銀行業,TOPIX Mid400
8358.T,8358,スルガ銀行,プライム,銀行業,TOPIX Small 1
8359.T,8359,八十二長野銀行,プライム,銀行業,TOPIX Mid400
8360.T,8360,山梨中央銀行,プライム,銀行業,TOPIX Small 1
8361.T,8361,大垣共立銀行,プライム,銀行業,TOPIX Small 1
8362.T,8362,福井銀行,プライム,銀行業,TOPIX Small 2
8364.T,8364,清水銀行,プライム,銀行業,TOPIX Small 2
8365.T,8365,富山銀行,スタンダード,銀行業,-
8366.T,8366,滋賀銀行,プライム,銀行業,TOPIX Small 1
8367.T,8367,南都銀行,プライム,銀行業,TOPIX Small 1
8368.T,8368,百五銀行,プライム,銀行業,TOPIX Small 1
8370.T,8370,紀陽銀行,プライム,銀行業,TOPIX Small 1
8377.T,8377,ほくほくフィナンシャルグループ,プライム,銀行業,TOPIX Mid400
8381.T,8381,山陰合同銀行,プライム,銀行業,TOPIX Small 1
8383.T,8383,鳥取銀行,スタンダード,銀行業,-
8386.T,8386,百十四銀行,プライム,銀行業,TOPIX Small 1
8387.T,8387,四国銀行,プライム,銀行業,TOPIX Small 2
8388.T,8388,阿波銀行,プライム,銀行業,TOPIX Small 1
8392.T,8392,大分銀行,プライム,銀行業,TOPIX Small 2
8393.T,8393,宮崎銀行,プライム,銀行業,TOPIX Small 2
8395.T,8395,佐賀銀行,プライム,銀行業,TOPIX Small 2
8399.T,8399,琉球銀行,プライム,銀行業,TOPIX Small 1
8410.T,8410,セブン銀行,プライム,銀行業,TOPIX Mid400
8411.T,8411,みずほフィナンシャルグループ,プライム,銀行業,TOPIX Core30
8416.T,8416,高知銀行,スタンダード,銀行業,-
8418.T,8418,山口フィナンシャルグループ,プライム,銀行業,TOPIX Mid400
8424.T,8424,芙蓉総合リース,プライム,その他金融業,TOPIX Mid400
8425.T,8425,みずほリース,プライム,その他金融業,TOPIX Small 1
8439.T,8439,東京センチュリー,プライム,その他金融業,TOPIX Mid400
8473.T,8473,ＳＢＩホールディングス,プライム,証券、商品先物取引業,TOPIX Mid400
8508.T,8508,Ｊトラスト,スタンダード,その他金融業,-
8511.T,8511,日本証券金融,プライム,その他金融業,TOPIX Small 1
8518.T,8518,日本アジア投資,スタンダード,証券、商品先物取引業,-
8522.T,8522,名古屋銀行,プライム,銀行業,TOPIX Small 1
8524.T,8524,北洋銀行,プライム,銀行業,TOPIX Small 1
8537.T,8537,大光銀行,スタンダード,銀行業,-
8541.T,8541,愛媛銀行,プライム,銀行業,TOPIX Small 2
8542.T,8542,トマト銀行,スタンダード,銀行業,-
8544.T,8544,京葉銀行,プライム,銀行業,TOPIX Small 1
8550.T,8550,栃木銀行,プライム,銀行業,TOPIX Small 2
8551.T,8551,北日本銀行,プライム,銀行業,TOPIX Small 2
8558.T,8558,東和銀行,プライム,銀行業,TOPIX Small 2
8562.T,8562,福島銀行,スタンダード,銀行業,-
8563.T,8563,大東銀行,スタンダード,銀行業,-
8566.T,8566,リコーリース,プライム,その他金融業,TOPIX Small 1
8570.T,8570,イオンフィナンシャルサービス,プライム,その他金融業,TOPIX Mid400
8572.T,8572,アコム,スタンダード,その他金融業,TOPIX Mid400
8584.T,8584,ジャックス,プライム,その他金融業,TOPIX Small 1
8585.T,8585,オリエントコーポレーション,プライム,その他金融業,TOPIX Small 1
8591.T,8591,オリックス,プライム,その他金融業,TOPIX Large70
8593.T,8593,三菱ＨＣキャピタル,プライム,その他金融業,TOPIX Mid400
8595.T,8595,ジャフコ　グループ,プライム,証券、商品先物取引業,TOPIX Mid400
8596.T,8596,九州リースサービス,スタンダード,その他金融業,-
8600.T,8600,トモニホールディングス,プライム,銀行業,TOPIX Small 1
8601.T,8601,大和証券グループ本社,プライム,証券、商品先物取引業,TOPIX Mid400
8604.T,8604,野村ホールディングス,プライム,証券、商品先物取引業,TOPIX Large70
8609.T,8609,岡三証券グループ,プライム,証券、商品先物取引業,TOPIX Small 1
8613.T,8613,丸三証券,プライム,証券、商品先物取引業,TOPIX Small 1
8614.T,8614,東洋証券,プライム,証券、商品先物取引業,TOPIX Small 2
8616.T,8616,東海東京フィナンシャル・ホールディングス,プライム,証券、商品先物取引業,TOPIX Small 1
8617.T,8617,光世証券,スタンダード,証券、商品先物取引業,-
8622.T,8622,水戸証券,プライム,証券、商品先物取引業,TOPIX Small 2
8624.T,8624,いちよし証券,プライム,証券、商品先物取引業,TOPIX Small 2
8628.T,8628,松井証券,プライム,証券、商品先物取引業,TOPIX Small 1
8630.T,8630,ＳＯＭＰＯホールディングス,プライム,保険業,TOPIX Large70
8697.T,8697,日本取引所グループ,プライム,その他金融業,TOPIX Large70
8698.T,8698,マネックスグループ,プライム,証券、商品先物取引業,TOPIX Small 1
8699.T,8699,ＨＳホールディングス,スタンダード,証券、商品先物取引業,-
8700.T,8700,丸八証券,スタンダード,証券、商品先物取引業,-
8704.T,8704,トレイダーズホールディングス,スタンダード,証券、商品先物取引業,-
8705.T,8705,日産証券グループ,スタンダード,証券、商品先物取引業,-
8706.T,8706,極東証券,プライム,証券、商品先物取引業,TOPIX Small 1
8707.T,8707,岩井コスモホールディングス,プライム,証券、商品先物取引業,TOPIX Small 1
8708.T,8708,アイザワ証券グループ,プライム,証券、商品先物取引業,TOPIX Small 2
8713.T,8713,フィデアホールディングス,プライム,銀行業,TOPIX Small 2
8714.T,8714,池田泉州ホールディングス,プライム,銀行業,TOPIX Small 1
8715.T,8715,アニコム　ホールディングス,プライム,保険業,TOPIX Small 1
8725.T,8725,ＭＳ＆ＡＤインシュアランスグループホールディングス,プライム,保険業,TOPIX Large70
8729.T,8729,ソニーフィナンシャルグループ,プライム,保険業,TOPIX Core30
8737.T,8737,あかつき本社,スタンダード,証券、商品先物取引業,-
8739.T,8739,スパークス・グループ,プライム,証券、商品先物取引業,TOPIX Small 2
8742.T,8742,小林洋行,スタンダード,証券、商品先物取引業,-
8746.T,8746,ｕｎｂａｎｋｅｄ,スタンダード,証券、商品先物取引業,-
8747.T,8747,豊トラスティ証券,スタンダード,証券、商品先物取引業,-
8750.T,8750,第一ライフグループ,プライム,保険業,TOPIX Large70
8766.T,8766,東京海上ホールディングス,プライム,保険業,TOPIX Core30
8769.T,8769,アドバンテッジリスクマネジメント,スタンダード,サービス業,-
8771.T,8771,イー・ギャランティ,プライム,その他金融業,TOPIX Small 1
8772.T,8772,アサックス,スタンダード,その他金融業,-
8783.T,8783,ａｂｃ,スタンダード,その他金融業,-
8789.T,8789,フィンテック　グローバル,スタンダード,その他金融業,-
8793.T,8793,ＮＥＣキャピタルソリューション,プライム,その他金融業,TOPIX Small 2
8795.T,8795,Ｔ＆Ｄホールディングス,プライム,保険業,TOPIX Mid400
8798.T,8798,アドバンスクリエイト,プライム,保険業,TOPIX Small 2
8801.T,8801,三井不動産,プライム,不動産業,TOPIX Large70
8802.T,8802,三菱地所,プライム,不動産業,TOPIX Large70
8803.T,8803,平和不動産,プライム,不動産業,TOPIX Small 1
8804.T,8804,東京建物,プライム,不動産業,TOPIX Mid400
8818.T,8818,京阪神ビルディング,プライム,不動産業,TOPIX Small 2
8830.T,8830,住友不動産,プライム,不動産業,TOPIX Large70
8835.T,8835,太平洋興発,スタンダード,卸売業,-
8836.T,8836,ＲＩＳＥ,スタンダード,不動産業,-
8841.T,8841,テーオーシー,スタンダード,不動産業,TOPIX Small 2
8844.T,8844,コスモスイニシア,スタンダード,不動産業,-
8848.T,8848,レオパレス２１,プライム,不動産業,TOPIX Small 1
8850.T,8850,スターツコーポレーション,プライム,不動産業,TOPIX Small 1
8860.T,8860,フジ住宅,プライム,不動産業,TOPIX Small 2
8864.T,8864,空港施設,スタンダード,不動産業,TOPIX Small 2
8869.T,8869,明和地所,スタンダード,不動産業,TOPIX Small 2
8871.T,8871,ゴールドクレスト,スタンダード,不動産業,TOPIX Small 1
8876.T,8876,リログループ,プライム,サービス業,TOPIX Mid400
8877.T,8877,エスリード,プライム,不動産業,TOPIX Small 2
8881.T,8881,日神グループホールディングス,プライム,不動産業,TOPIX Small 2
8887.T,8887,シーラホールディングス,スタンダード,不動産業,-
8891.T,8891,ＡＭＧホールディングス,スタンダード,不動産業,-
8892.T,8892,エスコン,プライム,不動産業,TOPIX Small 1
8894.T,8894,ＲＥＶＯＬＵＴＩＯＮ,スタンダード,不動産業,-
8897.T,8897,ＭＩＲＡＲＴＨホールディングス,プライム,不動産業,TOPIX Small 1
8898.T,8898,センチュリー２１・ジャパン,スタンダード,不動産業,-
8904.T,8904,ＡＶＡＮＴＩＡ,スタンダード,不動産業,-
8908.T,8908,毎日コムネット,スタンダード,不動産業,-
8912.T,8912,エリアクエスト,スタンダード,不動産業,-
8914.T,8914,エリアリンク,スタンダード,不動産業,-
8917.T,8917,ファースト住建,スタンダード,不動産業,-
8918.T,8918,ランド,スタンダード,不動産業,TOPIX Small 2
8919.T,8919,カチタス,プライム,不動産業,TOPIX Small 1
8920.T,8920,東祥,スタンダード,サービス業,TOPIX Small 2
8923.T,8923,トーセイ,プライム,不動産業,TOPIX Small 1
8927.T,8927,明豊エンタープライズ,スタンダード,不動産業,-
8928.T,8928,穴吹興産,スタンダード,不動産業,-
8929.T,8929,青山財産ネットワークス,スタンダード,不動産業,-
8931.T,8931,和田興産,スタンダード,不動産業,-
8934.T,8934,サンフロンティア不動産,プライム,不動産業,TOPIX Small 1
8935.T,8935,ＦＪネクストホールディングス,プライム,不動産業,TOPIX Small 2
8938.T,8938,グローム・ホールディングス,グロース,不動産業,-
8944.T,8944,ランドビジネス,スタンダード,不動産業,-
8945.T,8945,サンネクスタグループ,スタンダード,不動産業,-
8946.T,8946,ＡＳＩＡＮ　ＳＴＡＲ,スタンダード,不動産業,-
8995.T,8995,誠建設工業,スタンダード,不動産業,-
8996.T,8996,ハウスフリーダム,スタンダード,不動産業,-
8999.T,8999,グランディハウス,プライム,不動産業,TOPIX Small 2
9001.T,9001,東武鉄道,プライム,陸運業,TOPIX Mid400
9003.T,9003,相鉄ホールディングス,プライム,陸運業,TOPIX Mid400
9005.T,9005,東急,プライム,陸運業,TOPIX Mid400
9006.T,9006,京浜急行電鉄,プライム,陸運業,TOPIX Mid400
9007.T,9007,小田急電鉄,プライム,陸運業,TOPIX Mid400
9008.T,9008,京王電鉄,プライム,陸運業,TOPIX Mid400
9009.T,9009,京成電鉄,プライム,陸運業,TOPIX Mid400
9010.T,9010,富士急行,プライム,陸運業,TOPIX Small 1
9012.T,9012,秩父鉄道,スタンダード,陸運業,-
9017.T,9017,新潟交通,スタンダード,陸運業,-
9020.T,9020,東日本旅客鉄道,プライム,陸運業,TOPIX Large70
9021.T,9021,西日本旅客鉄道,プライム,陸運業,TOPIX Large70
9022.T,9022,東海旅客鉄道,プライム,陸運業,TOPIX Large70
9023.T,9023,東京地下鉄,プライム,陸運業,TOPIX Mid400
9024.T,9024,西武ホールディングス,プライム,陸運業,TOPIX Mid400
9025.T,9025,鴻池運輸,プライム,陸運業,TOPIX Small 1
9028.T,9028,ゼロ,スタンダード,陸運業,-
9029.T,9029,ヒガシホールディングス,スタンダード,陸運業,-
9031.T,9031,西日本鉄道,プライム,陸運業,TOPIX Mid400
9033.T,9033,広島電鉄,スタンダード,陸運業,-
9034.T,9034,南総通運,スタンダード,陸運業,-
9036.T,9036,東部ネットワーク,スタンダード,陸運業,-
9037.T,9037,ハマキョウレックス,プライム,陸運業,TOPIX Small 1
9039.T,9039,サカイ引越センター,プライム,陸運業,TOPIX Small 1
9041.T,9041,近鉄グループホールディングス,プライム,陸運業,TOPIX Mid400
9042.T,9042,阪急阪神ホールディングス,プライム,陸運業,TOPIX Mid400
9044.T,9044,ＮＡＮＫＡＩ,プライム,陸運業,TOPIX Mid400
9045.T,9045,京阪ホールディングス,プライム,陸運業,TOPIX Mid400
9046.T,9046,神戸電鉄,スタンダード,陸運業,TOPIX Small 2
9048.T,9048,名古屋鉄道,プライム,陸運業,TOPIX Mid400
9049.T,9049,京福電気鉄道,スタンダード,陸運業,-
9051.T,9051,センコン物流,スタンダード,陸運業,-
9052.T,9052,山陽電気鉄道,プライム,陸運業,TOPIX Small 2
9057.T,9057,遠州トラック,スタンダード,陸運業,-
9059.T,9059,カンダホールディングス,スタンダード,陸運業,-
9060.T,9060,日本ロジテム,スタンダード,陸運業,-
9063.T,9063,岡山県貨物運送,スタンダード,陸運業,-
9064.T,9064,ヤマトホールディングス,プライム,陸運業,TOPIX Mid400
9065.T,9065,山九,プライム,陸運業,TOPIX Mid400
9068.T,9068,丸全昭和運輸,プライム,陸運業,TOPIX Small 1
9069.T,9069,センコーグループホールディングス,プライム,陸運業,TOPIX Mid400
9072.T,9072,ニッコンホールディングス,プライム,陸運業,TOPIX Mid400
9073.T,9073,京極運輸商事,スタンダード,陸運業,-
9074.T,9074,日本石油輸送,スタンダード,陸運業,-
9075.T,9075,福山通運,プライム,陸運業,TOPIX Small 1
9076.T,9076,セイノーホールディングス,プライム,陸運業,TOPIX Mid400
9081.T,9081,神奈川中央交通,プライム,陸運業,TOPIX Small 2
9082.T,9082,大和自動車交通,スタンダード,陸運業,-
9083.T,9083,神姫バス,スタンダード,陸運業,-
9087.T,9087,タカセ,スタンダード,陸運業,-
9090.T,9090,ＡＺ－ＣＯＭ丸和ホールディングス,プライム,陸運業,TOPIX Small 1
9101.T,9101,日本郵船,プライム,海運業,TOPIX Large70
9104.T,9104,商船三井,プライム,海運業,TOPIX Large70
9107.T,9107,川崎汽船,プライム,海運業,TOPIX Mid400
9110.T,9110,ＮＳユナイテッド海運,プライム,海運業,TOPIX Small 1
9115.T,9115,明海グループ,スタンダード,海運業,-
9119.T,9119,飯野海運,プライム,海運業,TOPIX Small 1
9127.T,9127,玉井商船,スタンダード,海運業,-
9130.T,9130,共栄タンカー,スタンダード,海運業,-
9142.T,9142,九州旅客鉄道,プライム,陸運業,TOPIX Mid400
9143.T,9143,ＳＧホールディングス,プライム,陸運業,TOPIX Mid400
9145.T,9145,ビーイングホールディングス,スタンダード,陸運業,-
9147.T,9147,ＮＩＰＰＯＮ　ＥＸＰＲＥＳＳホールディングス,プライム,陸運業,TOPIX Mid400
9158.T,9158,シーユーシー,グロース,サービス業,-
9159.T,9159,Ｗ　ＴＯＫＹＯ,グロース,サービス業,-
9160.T,9160,オンザページ,スタンダード,サービス業,-
9162.T,9162,ブリーチ,グロース,サービス業,-
9163.T,9163,ナレルグループ,グロース,サービス業,-
9165.T,9165,クオルテック,グロース,サービス業,-
9166.T,9166,ＧＥＮＤＡ,グロース,サービス業,-
9168.T,9168,ライズ・コンサルティング・グループ,グロース,サービス業,-
9171.T,9171,栗林商船,スタンダード,海運業,-
9173.T,9173,東海汽船,スタンダード,海運業,-
9193.T,9193,東京汽船,スタンダード,倉庫・運輸関連業,-
9201.T,9201,日本航空,プライム,空運業,TOPIX Mid400
92015.T,92015,日本航空株式会社第１回社債型種類株式,プライム,空運業,-
9202.T,9202,ＡＮＡホールディングス,プライム,空運業,TOPIX Large70
92025.T,92025,ＡＮＡホールディングス第１回社債型種類株式,プライム,空運業,-
9204.T,9204,スカイマーク,グロース,空運業,-
9206.T,9206,スターフライヤー,スタンダード,空運業,-
9211.T,9211,エフ・コード,グロース,サービス業,-
9212.T,9212,Ｇｒｅｅｎ　Ｅａｒｔｈ　Ｉｎｓｔｉｔｕｔｅ,グロース,サービス業,-
9213.T,9213,セイファート,スタンダード,サービス業,-
9214.T,9214,Ｒｅｃｏｖｅｒｙ　Ｉｎｔｅｒｎａｔｉｏｎａｌ,グロース,サービス業,-
9215.T,9215,ＣａＳｙ,グロース,サービス業,-
9216.T,9216,ビーウィズ,プライム,サービス業,TOPIX Small 2
9218.T,9218,メンタルヘルステクノロジーズ,グロース,サービス業,-
9219.T,9219,ギックス,グロース,サービス業,-
9220.T,9220,エフビー介護サービス,スタンダード,サービス業,-
9221.T,9221,フルハシＥＰＯ,スタンダード,サービス業,-
9223.T,9223,ＡＳＮＯＶＡ,グロース,サービス業,-
9225.T,9225,ブリッジコンサルティンググループ,グロース,サービス業,-
9227.T,9227,マイクロ波化学,グロース,サービス業,-
9229.T,9229,サンウェルズ,プライム,サービス業,TOPIX Small 2
9233.T,9233,アジア航測,スタンダード,空運業,-
9235.T,9235,売れるネット広告社グループ,グロース,サービス業,-
9236.T,9236,ジャパンＭ＆Ａソリューション,グロース,サービス業,-
9237.T,9237,笑美面,グロース,サービス業,-
9238.T,9238,バリュークリエーション,グロース,サービス業,-
9240.T,9240,デリバリーコンサルティング,グロース,サービス業,-
9241.T,9241,フューチャーリンクネットワーク,グロース,サービス業,-
9242.T,9242,メディア総研,グロース,サービス業,-
9244.T,9244,デジタリフト,グロース,サービス業,-
9245.T,9245,リベロ,グロース,サービス業,-
9246.T,9246,プロジェクトホールディングス,グロース,サービス業,-
9247.T,9247,ＴＲＥホールディングス,プライム,サービス業,TOPIX Small 1
9248.T,9248,人・夢・技術グループ,スタンダード,サービス業,TOPIX Small 2
9249.T,9249,日本エコシステム,スタンダード,サービス業,-
9250.T,9250,ＧＲＣＳ,グロース,サービス業,-
9251.T,9251,ＡＢ＆Ｃｏｍｐａｎｙ,グロース,サービス業,-
9252.T,9252,ラストワンマイル,グロース,サービス業,-
9253.T,9253,スローガン,グロース,サービス業,-
9254.T,9254,ラバブルマーケティンググループ,グロース,サービス業,-
9256.T,9256,サクシード,グロース,サービス業,-
9258.T,9258,ＣＳ－Ｃ,グロース,サービス業,-
9259.T,9259,タカヨシホールディングス,グロース,サービス業,-
9262.T,9262,シルバーライフ,スタンダード,小売業,TOPIX Small 2
9264.T,9264,ポエック,スタンダード,卸売業,-
9265.T,9265,ヤマシタヘルスケアホールディングス,スタンダード,卸売業,-
9267.T,9267,Ｇｅｎｋｙ　ＤｒｕｇＳｔｏｒｅｓ,プライム,小売業,TOPIX Small 1
9268.T,9268,オプティマスグループ,スタンダード,卸売業,-
9270.T,9270,バリュエンスホールディングス,グロース,卸売業,-
9271.T,9271,和心,グロース,小売業,-
9272.T,9272,ブティックス,グロース,サービス業,-
9273.T,9273,コーア商事ホールディングス,プライム,卸売業,TOPIX Small 2
9274.T,9274,ＫＰＰグループホールディングス,プライム,卸売業,TOPIX Small 1
9278.T,9278,ブックオフグループホールディングス,プライム,小売業,TOPIX Small 2
9279.T,9279,ギフトホールディングス,プライム,小売業,TOPIX Small 2
9301.T,9301,三菱倉庫,プライム,倉庫・運輸関連業,TOPIX Mid400
9302.T,9302,三井倉庫ホールディングス,プライム,倉庫・運輸関連業,TOPIX Mid400
9303.T,9303,住友倉庫,プライム,倉庫・運輸関連業,TOPIX Small 1
9304.T,9304,澁澤倉庫,プライム,倉庫・運輸関連業,TOPIX Small 2
9305.T,9305,ヤマタネ,プライム,卸売業,TOPIX Small 2
9306.T,9306,東陽倉庫,スタンダード,倉庫・運輸関連業,-
9307.T,9307,杉村倉庫,スタンダード,倉庫・運輸関連業,-
9308.T,9308,乾汽船,スタンダード,海運業,TOPIX Small 2
9310.T,9310,日本トランスシティ,プライム,倉庫・運輸関連業,TOPIX Small 2
9311.T,9311,アサガミ,スタンダード,倉庫・運輸関連業,-
9312.T,9312,ケイヒン,スタンダード,倉庫・運輸関連業,-
9313.T,9313,丸八倉庫,スタンダード,倉庫・運輸関連業,-
9319.T,9319,中央倉庫,プライム,倉庫・運輸関連業,TOPIX Small 2
9322.T,9322,川西倉庫,スタンダード,倉庫・運輸関連業,-
9324.T,9324,安田倉庫,プライム,倉庫・運輸関連業,TOPIX Small 2
9325.T,9325,ファイズホールディングス,スタンダード,倉庫・運輸関連業,-
9326.T,9326,関通ホールディングス,グロース,倉庫・運輸関連業,-
9327.T,9327,イー・ロジット,スタンダード,倉庫・運輸関連業,-
9330.T,9330,揚羽,グロース,サービス業,-
9331.T,9331,キャスター,グロース,サービス業,-
9332.T,9332,ＮＩＳＳＯホールディングス,プライム,サービス業,TOPIX Small 2
9336.T,9336,大栄環境,プライム,サービス業,TOPIX Small 1
9337.T,9337,トリドリ,グロース,サービス業,-
9339.T,9339,コーチ・エィ,スタンダード,サービス業,-
9340.T,9340,アソインターナショナル,スタンダード,サービス業,-
9341.T,9341,ＧＥＮＯＶＡ,プライム,サービス業,TOPIX Small 2
9342.T,9342,スマサポ,グロース,サービス業,-
9343.T,9343,アイビス,グロース,サービス業,-
9344.T,9344,アクシスコンサルティング,グロース,サービス業,-
9345.T,9345,ビズメイツ,グロース,サービス業,-
9346.T,9346,ココルポート,グロース,サービス業,-
9347.T,9347,日本管財ホールディングス,プライム,サービス業,TOPIX Small 2
9348.T,9348,ｉｓｐａｃｅ,グロース,サービス業,-
9351.T,9351,東洋埠頭,スタンダード,倉庫・運輸関連業,-
9353.T,9353,櫻島埠頭,スタンダード,倉庫・運輸関連業,-
9355.T,9355,リンコーコーポレーション,スタンダード,倉庫・運輸関連業,-
9360.T,9360,鈴与シンワート,スタンダード,情報・通信業,-
9361.T,9361,伏木海陸運送,スタンダード,倉庫・運輸関連業,-
9362.T,9362,兵機海運,スタンダード,倉庫・運輸関連業,-
9363.T,9363,大運,スタンダード,倉庫・運輸関連業,-
9364.T,9364,上組,プライム,倉庫・運輸関連業,TOPIX Mid400
9365.T,9365,トレーディア,スタンダード,倉庫・運輸関連業,-
9366.T,9366,サンリツ,スタンダード,倉庫・運輸関連業,-
9367.T,9367,大東港運,スタンダード,倉庫・運輸関連業,-
9368.T,9368,キムラユニティー,スタンダード,倉庫・運輸関連業,-
9369.T,9369,キユーソー流通システム,スタンダード,倉庫・運輸関連業,TOPIX Small 2
9376.T,9376,ユーラシア旅行社,スタンダード,サービス業,-
9380.T,9380,東海運,スタンダード,倉庫・運輸関連業,-
9381.T,9381,エーアイテイー,プライム,倉庫・運輸関連業,TOPIX Small 2
9385.T,9385,ショーエイコーポレーション,スタンダード,化学,-
9401.T,9401,ＴＢＳホールディングス,プライム,情報・通信業,TOPIX Mid400
9404.T,9404,日本テレビホールディングス,プライム,情報・通信業,TOPIX Mid400
9405.T,9405,朝日放送グループホールディングス,プライム,情報・通信業,TOPIX Small 2
9408.T,9408,ＢＳＮメディアホールディングス,スタンダード,情報・通信業,-
9409.T,9409,テレビ朝日ホールディングス,プライム,情報・通信業,TOPIX Small 1
9412.T,9412,スカパーＪＳＡＴ,プライム,情報・通信業,TOPIX Small 1
9413.T,9413,テレビ東京ホールディングス,プライム,情報・通信業,TOPIX Small 1
9414.T,9414,日本ＢＳ放送,スタンダード,情報・通信業,-
9416.T,9416,ビジョン,プライム,情報・通信業,TOPIX Small 1
9417.T,9417,スマートバリュー,スタンダード,情報・通信業,-
9418.T,9418,Ｕ－ＮＥＸＴ　ＨＯＬＤＩＮＧＳ,プライム,情報・通信業,TOPIX Small 1
9419.T,9419,ワイヤレスゲート,スタンダード,情報・通信業,-
9421.T,9421,エヌジェイホールディングス,スタンダード,情報・通信業,-
9423.T,9423,フォーバル・リアルストレート,スタンダード,情報・通信業,-
9424.T,9424,日本通信,プライム,情報・通信業,TOPIX Small 2
9425.T,9425,ＲｅＹｕｕ　Ｊａｐａｎ,スタンダード,情報・通信業,-
9428.T,9428,クロップス,スタンダード,情報・通信業,-
9432.T,9432,ＮＴＴ,プライム,情報・通信業,TOPIX Core30
9433.T,9433,ＫＤＤＩ,プライム,情報・通信業,TOPIX Core30
9434.T,9434,ソフトバンク,プライム,情報・通信業,TOPIX Core30
94345.T,94345,ソフトバンク第１回社債型種類株式,プライム,情報・通信業,-
94346.T,94346,ソフトバンク第２回社債型種類株式,プライム,情報・通信業,-
9435.T,9435,光通信,プライム,情報・通信業,TOPIX Mid400
9436.T,9436,沖縄セルラー電話,スタンダード,情報・通信業,-
9438.T,9438,エムティーアイ,プライム,情報・通信業,TOPIX Small 2
9439.T,9439,エム・エイチ・グループ,スタンダード,サービス業,-
9441.T,9441,ベルパーク,スタンダード,情報・通信業,-
9444.T,9444,トーシンホールディングス,スタンダード,情報・通信業,-
9445.T,9445,フォーバルテレコム,スタンダード,情報・通信業,-
9446.T,9446,サカイホールディングス,スタンダード,情報・通信業,-
9449.T,9449,ＧＭＯインターネットグループ,プライム,情報・通信業,TOPIX Mid400
9450.T,9450,ファイバーゲート,スタンダード,情報・通信業,TOPIX Small 2
9466.T,9466,アイドママーケティングコミュニケーション,スタンダード,情報・通信業,-
9467.T,9467,アルファポリス,グロース,情報・通信業,-
9468.T,9468,ＫＡＤＯＫＡＷＡ,プライム,情報・通信業,TOPIX Mid400
9470.T,9470,学研ホールディングス,プライム,情報・通信業,TOPIX Small 2
9474.T,9474,ゼンリン,プライム,情報・通信業,TOPIX Small 2
9475.T,9475,昭文社ホールディングス,スタンダード,情報・通信業,-
9476.T,9476,中央経済社ホールディングス,スタンダード,情報・通信業,-
9478.T,9478,ＳＥホールディングス・アンド・インキュベーションズ,スタンダード,情報・通信業,-
9501.T,9501,東京電力ホールディングス,プライム,電気・ガス業,TOPIX Mid400
9502.T,9502,中部電力,プライム,電気・ガス業,TOPIX Mid400
9503.T,9503,関西電力,プライム,電気・ガス業,TOPIX Mid400
9504.T,9504,中国電力,プライム,電気・ガス業,TOPIX Mid400
9505.T,9505,北陸電力,プライム,電気・ガス業,TOPIX Mid400
9506.T,9506,東北電力,プライム,電気・ガス業,TOPIX Mid400
9507.T,9507,四国電力,プライム,電気・ガス業,TOPIX Mid400
9508.T,9508,九州電力,プライム,電気・ガス業,TOPIX Mid400
9509.T,9509,北海道電力,プライム,電気・ガス業,TOPIX Mid400
9511.T,9511,沖縄電力,プライム,電気・ガス業,TOPIX Small 1
9513.T,9513,電源開発,プライム,電気・ガス業,TOPIX Mid400
9514.T,9514,エフオン,スタンダード,電気・ガス業,TOPIX Small 2
9517.T,9517,イーレックス,プライム,電気・ガス業,TOPIX Small 2
9519.T,9519,レノバ,プライム,電気・ガス業,TOPIX Small 1
9531.T,9531,東京瓦斯,プライム,電気・ガス業,TOPIX Mid400
9532.T,9532,大阪瓦斯,プライム,電気・ガス業,TOPIX Mid400
9533.T,9533,東邦瓦斯,プライム,電気・ガス業,TOPIX Mid400
9534.T,9534,北海道瓦斯,プライム,電気・ガス業,TOPIX Small 2
9535.T,9535,広島ガス,プライム,電気・ガス業,TOPIX Small 2
9536.T,9536,西部ガスホールディングス,プライム,電気・ガス業,TOPIX Small 2
9537.T,9537,北陸瓦斯,スタンダード,電気・ガス業,-
9539.T,9539,京葉瓦斯,スタンダード,電気・ガス業,-
9543.T,9543,静岡ガス,プライム,電気・ガス業,TOPIX Small 1
9551.T,9551,メタウォーター,プライム,電気・ガス業,TOPIX Small 1
9552.T,9552,クオンツ総研ホールディングス,プライム,サービス業,TOPIX Small 1
9553.T,9553,マイクロアド,グロース,サービス業,-
9554.T,9554,ＡＶｉＣ,グロース,サービス業,-
9556.T,9556,ＩＮＴＬＯＯＰ,グロース,サービス業,-
9557.T,9557,エアークローゼット,グロース,サービス業,-
9558.T,9558,ジャパニアス,グロース,サービス業,-
9560.T,9560,プログリット,グロース,サービス業,-
9561.T,9561,グラッドキューブ,グロース,サービス業,-
9562.T,9562,ビジネスコーチ,グロース,サービス業,-
9563.T,9563,Ａｔｌａｓ　Ｔｅｃｈｎｏｌｏｇｉｅｓ,グロース,サービス業,-
9564.T,9564,ＦＣＥ,スタンダード,サービス業,-
9565.T,9565,ＧＬＯＥ,グロース,サービス業,-
9601.T,9601,松竹,プライム,情報・通信業,TOPIX Small 1
9602.T,9602,東宝,プライム,情報・通信業,TOPIX Mid400
9603.T,9603,エイチ・アイ・エス,プライム,サービス業,TOPIX Small 1
9605.T,9605,東映,プライム,情報・通信業,TOPIX Small 1
9610.T,9610,ウィルソン・ラーニング　ワールドワイド,スタンダード,サービス業,-
9612.T,9612,ラックランド,プライム,サービス業,TOPIX Small 2
9616.T,9616,共立メンテナンス,プライム,サービス業,TOPIX Mid400
9619.T,9619,イチネンホールディングス,プライム,サービス業,TOPIX Small 2
9621.T,9621,建設技術研究所,プライム,サービス業,TOPIX Small 1
9622.T,9622,スペース,プライム,サービス業,TOPIX Small 2
9625.T,9625,セレスポ,スタンダード,サービス業,-
9627.T,9627,アインホールディングス,プライム,小売業,TOPIX Mid400
9628.T,9628,燦ホールディングス,プライム,サービス業,TOPIX Small 2
9629.T,9629,ピー・シー・エー,プライム,情報・通信業,TOPIX Small 2
9632.T,9632,スバル興業,スタンダード,サービス業,TOPIX Small 2
9633.T,9633,東京テアトル,スタンダード,不動産業,-
9635.T,9635,武蔵野興業,スタンダード,サービス業,-
9636.T,9636,きんえい,スタンダード,サービス業,-
9639.T,9639,三協フロンテア,スタンダード,サービス業,-
9640.T,9640,セゾンテクノロジー,スタンダード,情報・通信業,-
9644.T,9644,タナベコンサルティンググループ,プライム,サービス業,TOPIX Small 2
9647.T,9647,協和コンサルタンツ,スタンダード,サービス業,-
9651.T,9651,日本プロセス,スタンダード,情報・通信業,-
9656.T,9656,グリーンランドリゾート,スタンダード,サービス業,-
9658.T,9658,ビジネスブレイン太田昭和,プライム,情報・通信業,TOPIX Small 2
9661.T,9661,歌舞伎座,スタンダード,サービス業,-
9663.T,9663,ナガワ,プライム,サービス業,TOPIX Small 2
9672.T,9672,東京都競馬,プライム,サービス業,TOPIX Small 1
9678.T,9678,カナモト,プライム,サービス業,TOPIX Small 1
9679.T,9679,ホウライ,スタンダード,サービス業,-
9682.T,9682,ＤＴＳ,プライム,情報・通信業,TOPIX Small 1
9684.T,9684,スクウェア・エニックス・ホールディングス,プライム,情報・通信業,TOPIX Mid400
9685.T,9685,ＫＹＣＯＭホールディングス,スタンダード,情報・通信業,-
9686.T,9686,東洋テック,スタンダード,サービス業,-
9687.T,9687,ＫＳＫ,スタンダード,情報・通信業,-
9691.T,9691,両毛システムズ,スタンダード,情報・通信業,-
9692.T,9692,シーイーシー,プライム,情報・通信業,TOPIX Small 1
9697.T,9697,カプコン,プライム,情報・通信業,TOPIX Mid400
9698.T,9698,クレオ,スタンダード,情報・通信業,-
9699.T,9699,ニシオホールディングス,プライム,サービス業,TOPIX Small 1
9701.T,9701,東京會舘,スタンダード,サービス業,-
9702.T,9702,アイ・エス・ビー,プライム,情報・通信業,TOPIX Small 2
9704.T,9704,アゴーラ　ホスピタリティー　グループ,スタンダード,サービス業,-
9706.T,9706,日本空港ビルデング,プライム,不動産業,TOPIX Mid400
9708.T,9708,帝国ホテル,スタンダード,サービス業,-
9709.T,9709,ＮＣＳ＆Ａ,スタンダード,情報・通信業,-
9713.T,9713,ロイヤルホテル,スタンダード,サービス業,-
9715.T,9715,トランス・コスモス,プライム,サービス業,TOPIX Small 1
9716.T,9716,乃村工藝社,プライム,サービス業,TOPIX Small 1
9720.T,9720,ホテル、ニューグランド,スタンダード,サービス業,-
9722.T,9722,藤田観光,プライム,サービス業,TOPIX Small 1
9723.T,9723,京都ホテル,スタンダード,サービス業,-
9726.T,9726,ＫＮＴ－ＣＴホールディングス,スタンダード,サービス業,TOPIX Small 2
9729.T,9729,トーカイ,プライム,サービス業,TOPIX Small 2
9731.T,9731,白洋舎,スタンダード,サービス業,-
9733.T,9733,ナガセ,スタンダード,サービス業,-
9735.T,9735,セコム,プライム,サービス業,TOPIX Large70
9739.T,9739,ＮＳＷ,プライム,情報・通信業,TOPIX Small 2
9740.T,9740,セントラル警備保障,プライム,サービス業,TOPIX Small 2
9742.T,9742,アイネス,プライム,情報・通信業,TOPIX Small 2
9743.T,9743,丹青社,プライム,サービス業,TOPIX Small 1
9744.T,9744,メイテックグループホールディングス,プライム,サービス業,TOPIX Mid400
9746.T,9746,ＴＫＣ,プライム,情報・通信業,TOPIX Small 1
9753.T,9753,アイエックス・ナレッジ,スタンダード,情報・通信業,-
9755.T,9755,応用地質,プライム,サービス業,TOPIX Small 2
9757.T,9757,船井総研ホールディングス,プライム,サービス業,TOPIX Small 1
9759.T,9759,ＮＳＤ,プライム,情報・通信業,TOPIX Mid400
9760.T,9760,進学会ホールディングス,スタンダード,サービス業,-
9761.T,9761,東海リース,スタンダード,サービス業,-
9763.T,9763,丸建リース,スタンダード,卸売業,-
9765.T,9765,オオバ,プライム,サービス業,-
9766.T,9766,コナミグループ,プライム,情報・通信業,TOPIX Mid400
9767.T,9767,日建工学,スタンダード,サービス業,-
9768.T,9768,いであ,スタンダード,サービス業,-
9769.T,9769,学究社,プライム,サービス業,TOPIX Small 2
9778.T,9778,昴,スタンダード,サービス業,-
9780.T,9780,ハリマビステム,スタンダード,サービス業,-
9782.T,9782,ディーエムエス,スタンダード,サービス業,-
9788.T,9788,ナック,プライム,サービス業,TOPIX Small 2
9790.T,9790,福井コンピュータホールディングス,プライム,情報・通信業,TOPIX Small 2
9791.T,9791,ビケンテクノ,スタンダード,サービス業,-
9793.T,9793,ダイセキ,プライム,サービス業,TOPIX Small 1
9795.T,9795,ステップ,プライム,サービス業,TOPIX Small 2
9799.T,9799,旭情報サービス,スタンダード,情報・通信業,-
9812.T,9812,テーオーホールディングス,スタンダード,小売業,-
9816.T,9816,ストライダーズ,スタンダード,不動産業,-
9818.T,9818,大丸エナウィン,スタンダード,卸売業,-
9820.T,9820,エムティジェネックス,スタンダード,不動産業,-
9823.T,9823,マミーマートホールディングス,スタンダード,小売業,-
9824.T,9824,泉州電業,プライム,卸売業,TOPIX Small 1
9827.T,9827,リリカラ,スタンダード,卸売業,-
9828.T,9828,Ｇｅｎｋｉ　Ｇｌｏｂａｌ　Ｄｉｎｉｎｇ　Ｃｏｎｃｅｐｔｓ,スタンダード,小売業,TOPIX Small 1
9830.T,9830,トラスコ中山,プライム,卸売業,TOPIX Small 1
9831.T,9831,ヤマダホールディングス,プライム,小売業,TOPIX Mid400
9832.T,9832,オートバックスセブン,プライム,卸売業,TOPIX Small 1
9835.T,9835,ジュンテンドー,スタンダード,小売業,-
9837.T,9837,モリト,プライム,卸売業,TOPIX Small 2
9842.T,9842,アークランズ,プライム,小売業,TOPIX Small 1
9843.T,9843,ニトリホールディングス,プライム,小売業,TOPIX Mid400
9845.T,9845,パーカーコーポレーション,スタンダード,化学,-
9846.T,9846,天満屋ストア,スタンダード,小売業,-
9849.T,9849,共同紙販ホールディングス,スタンダード,卸売業,-
9850.T,9850,グルメ杵屋,プライム,小売業,TOPIX Small 2
9853.T,9853,銀座ルノアール,スタンダード,小売業,-
9854.T,9854,愛眼,スタンダード,小売業,-
9856.T,9856,ケーユーホールディングス,スタンダード,小売業,TOPIX Small 2
9857.T,9857,英和,スタンダード,卸売業,-
9861.T,9861,吉野家ホールディングス,プライム,小売業,TOPIX Mid400
9867.T,9867,ソレキア,スタンダード,卸売業,-
9869.T,9869,加藤産業,プライム,卸売業,TOPIX Small 1
9872.T,9872,北恵,スタンダード,卸売業,-
9876.T,9876,コックス,スタンダード,小売業,-
9878.T,9878,セキド,スタンダード,小売業,-
9880.T,9880,イノテック,プライム,電気機器,TOPIX Small 2
9882.T,9882,イエローハット,プライム,卸売業,TOPIX Small 1
9885.T,9885,シャルレ,スタンダード,卸売業,-
9887.T,9887,松屋フーズホールディングス,プライム,小売業,TOPIX Small 1
9888.T,9888,ＵＥＸ,スタンダード,卸売業,-
9889.T,9889,ＪＢＣＣホールディングス,プライム,情報・通信業,TOPIX Small 1
9890.T,9890,マキヤ,スタンダード,小売業,-
9895.T,9895,コンセック,スタンダード,卸売業,-
9896.T,9896,ＪＫホールディングス,スタンダード,卸売業,TOPIX Small 2
9900.T,9900,サガミホールディングス,プライム,小売業,TOPIX Small 1
9902.T,9902,日伝,プライム,卸売業,TOPIX Small 2
9903.T,9903,カンセキ,スタンダード,小売業,-
9904.T,9904,ベリテ,スタンダード,小売業,-
9906.T,9906,藤井産業,スタンダード,卸売業,-
9908.T,9908,日本電計,スタンダード,卸売業,-
9913.T,9913,日邦産業,スタンダード,卸売業,-
9914.T,9914,植松商会,スタンダード,卸売業,-
9928.T,9928,ミロク情報サービス,プライム,情報・通信業,TOPIX Small 2
9929.T,9929,平和紙業,スタンダード,卸売業,-
9930.T,9930,北沢産業,スタンダード,卸売業,-
9932.T,9932,杉本商事,プライム,卸売業,TOPIX Small 2
9934.T,9934,因幡電機産業,プライム,卸売業,TOPIX Mid400
9936.T,9936,王将フードサービス,プライム,小売業,TOPIX Small 1
9941.T,9941,太洋物産,スタンダード,卸売業,-
9946.T,9946,ミニストップ,プライム,小売業,TOPIX Small 2
9948.T,9948,アークス,プライム,小売業,TOPIX Small 1
9950.T,9950,ハチバン,スタンダード,小売業,-
9955.T,9955,ヨンキュウ,スタンダード,卸売業,-
9956.T,9956,バローホールディングス,プライム,小売業,TOPIX Small 1
9959.T,9959,アシードホールディングス,スタンダード,小売業,-
9960.T,9960,東テク,プライム,卸売業,TOPIX Small 1
9962.T,9962,ミスミグループ本社,プライム,卸売業,TOPIX Mid400
9969.T,9969,ショクブン,スタンダード,小売業,-
9972.T,9972,アルテック,スタンダード,卸売業,-
9973.T,9973,ＫＯＺＯホールディングス,スタンダード,小売業,-
9974.T,9974,ベルク,プライム,小売業,TOPIX Small 1
9976.T,9976,セキチュー,スタンダード,小売業,-
9978.T,9978,文教堂グループホールディングス,スタンダード,小売業,-
9979.T,9979,大庄,スタンダード,小売業,TOPIX Small 2
9980.T,9980,ＭＲＫホールディングス,スタンダード,小売業,-
9982.T,9982,タキヒヨー,スタンダード,卸売業,-
9983.T,9983,ファーストリテイリング,プライム,小売業,TOPIX Core30
9984.T,9984,ソフトバンクグループ,プライム,情報・通信業,TOPIX Core30
9986.T,9986,蔵王産業,スタンダード,卸売業,-
9987.T,9987,スズケン,プライム,卸売業,TOPIX Mid400
9989.T,9989,サンドラッグ,プライム,小売業,TOPIX Mid400
9990.T,9990,サックスバー　ホールディングス,プライム,小売業,TOPIX Small 2
9991.T,9991,ジェコス,プライム,卸売業,TOPIX Small 2
9993.T,9993,ヤマザワ,スタンダード,小売業,-
9994.T,9994,やまや,スタンダード,小売業,-
9996.T,9996,サトー商会,スタンダード,卸売業,-
9997.T,9997,ベルーナ,プライム,小売業,TOPIX Small 1
